source_row,candidate_id,category,char_count,chunk_count
1,16852973,HR,4767,4
2,22323967,HR,4948,4
3,33176873,HR,7026,6
4,27018550,HR,2545,2
5,17812897,HR,8509,7
6,11592605,HR,4879,4
7,25824789,HR,4815,4
8,15375009,HR,8262,7
9,11847784,HR,5969,5
10,32896934,HR,5310,4
11,29149998,HR,4857,4
12,11480899,HR,8111,7
13,23155093,HR,5086,4
14,11763983,HR,4990,4
15,27490876,HR,5543,5
16,32977530,HR,5355,4
17,93002334,HR,5009,4
18,24184357,HR,8385,7
19,73077810,HR,4743,4
20,13879043,HR,5834,5
21,30163002,HR,4542,4
22,18827609,HR,7731,6
23,25676643,HR,10648,9
24,12786012,HR,4688,4
25,87968870,HR,5590,5
26,46258701,HR,4023,3
27,14225422,HR,5868,5
28,29297973,HR,4949,4
29,18334783,HR,4616,4
30,19717385,HR,6033,5
31,49937469,HR,5748,5
32,18316239,HR,5750,5
33,17855844,HR,6250,5
34,57667857,HR,11828,10
35,17422560,HR,4999,4
36,32947778,HR,7475,6
37,23914451,HR,4832,4
38,21265194,HR,8565,7
39,51769822,HR,4416,4
40,19616406,HR,5521,5
41,41523474,HR,4912,4
42,59962788,HR,5248,4
43,86184722,HR,6058,5
44,28419173,HR,5804,5
45,18155310,HR,6276,5
46,26780935,HR,4106,3
47,34554248,HR,6330,5
48,26202430,HR,7636,6
49,19867922,HR,4785,4
50,91930382,HR,2868,3
51,30646367,HR,6489,5
52,39650734,HR,6631,6
53,72231872,HR,8351,7
54,13520837,HR,5986,5
55,18422164,HR,5986,5
56,30862904,HR,6225,5
57,52979663,HR,5271,4
58,28828844,HR,6076,5
59,21830565,HR,7802,6
60,27523575,HR,4563,4
61,39081840,HR,6768,6
62,20925036,HR,7188,6
63,15576950,HR,4774,4
64,29564653,HR,4848,4
65,14886205,HR,5145,4
66,17412079,HR,6097,5
67,16861758,HR,5232,4
68,93112113,HR,6571,5
69,15041689,HR,4675,4
70,80162314,HR,5022,4
71,20993320,HR,5102,4
72,14640322,HR,4701,4
73,26289308,HR,4911,4
74,23408537,HR,4861,4
75,28808263,HR,5177,4
76,18084150,HR,5370,4
77,26671167,HR,4766,4
78,44476983,HR,5561,5
79,16877897,HR,7242,6
80,29091445,HR,4634,4
81,25724495,HR,6365,5
82,24508725,HR,15915,13
83,11698189,HR,3637,3
84,27165830,HR,7160,6
85,47470864,HR,5930,5
86,34740556,HR,4959,4
87,18557164,HR,4723,4
88,19179079,HR,12915,10
89,13376919,HR,4687,4
90,26048718,HR,12036,10
91,17150707,HR,4596,4
92,18297650,HR,9698,8
93,23510685,HR,5918,5
94,39970711,HR,4519,4
95,20806155,HR,23567,19
96,28640735,HR,7561,6
97,15575117,HR,8557,7
98,27496514,HR,4468,4
99,14256329,HR,4625,4
100,19336728,HR,1725,2
101,10694288,HR,4613,4
102,28175164,HR,6434,5
103,10399912,HR,4993,4
104,20417897,HR,5128,4
105,18731098,HR,6880,6
106,30563572,HR,5060,4
107,24402267,HR,5449,4
108,32308556,HR,5100,4
109,27847081,HR,5663,5
110,25150191,HR,4690,4
111,37058472,DESIGNER,4167,4
112,68240723,DESIGNER,3778,3
113,76010167,DESIGNER,1629,2
114,19164410,DESIGNER,4870,4
115,29147100,DESIGNER,1589,2
116,25061645,DESIGNER,2370,2
117,11919526,DESIGNER,6246,5
118,81011612,DESIGNER,2054,2
119,11722421,DESIGNER,4522,4
120,13774329,DESIGNER,6392,5
121,35990852,DESIGNER,9445,7
122,36269672,DESIGNER,2374,2
123,90066849,DESIGNER,7558,6
124,27529455,DESIGNER,7608,6
125,85101052,DESIGNER,5244,4
126,22567495,DESIGNER,6204,5
127,10751444,DESIGNER,7448,6
128,11807040,DESIGNER,9133,7
129,12415691,DESIGNER,4785,4
130,38565119,DESIGNER,6043,5
131,21705160,DESIGNER,719,1
132,26496059,DESIGNER,9481,8
133,29524570,DESIGNER,4619,4
134,15936656,DESIGNER,1931,2
135,13557622,DESIGNER,1215,1
136,41506705,DESIGNER,4689,4
137,32954522,DESIGNER,3198,3
138,44185767,DESIGNER,8386,7
139,14014749,DESIGNER,5065,4
140,34349255,DESIGNER,2361,2
141,16288901,DESIGNER,2234,2
142,25422388,DESIGNER,5590,5
143,22496394,DESIGNER,5367,5
144,38744475,DESIGNER,3166,3
145,67582956,DESIGNER,4417,4
146,26676567,DESIGNER,10844,9
147,14724186,DESIGNER,2455,2
148,10748989,DESIGNER,5537,5
149,26924514,DESIGNER,8342,7
150,12674307,DESIGNER,2913,3
151,23951429,DESIGNER,2102,2
152,26046064,DESIGNER,1634,2
153,28326441,DESIGNER,5744,5
154,78149576,DESIGNER,809,1
155,17555081,DESIGNER,5251,4
156,39776400,DESIGNER,5756,5
157,37263609,DESIGNER,4312,4
158,13518263,DESIGNER,2192,2
159,11155153,DESIGNER,15733,12
160,54201930,DESIGNER,6532,5
161,10466583,DESIGNER,1624,2
162,26790545,DESIGNER,5216,4
163,11958994,DESIGNER,5334,4
164,30968749,DESIGNER,5998,5
165,20932019,DESIGNER,2767,2
166,51681660,DESIGNER,6150,5
167,34657584,DESIGNER,5396,4
168,15471999,DESIGNER,5307,4
169,18979238,DESIGNER,5664,5
170,26622051,DESIGNER,3663,3
171,22675694,DESIGNER,5222,4
172,25023614,DESIGNER,4568,4
173,20390397,DESIGNER,3468,3
174,17199951,DESIGNER,3211,3
175,14743911,DESIGNER,5151,4
176,24455357,DESIGNER,3869,3
177,91153752,DESIGNER,2384,2
178,14528265,DESIGNER,2192,2
179,18460045,DESIGNER,1735,2
180,20986595,DESIGNER,4988,4
181,20748926,DESIGNER,5640,5
182,32532982,DESIGNER,5051,4
183,34317538,DESIGNER,14639,12
184,19195747,DESIGNER,7077,6
185,12547982,DESIGNER,7573,6
186,94417768,DESIGNER,4907,4
187,24655918,DESIGNER,3198,3
188,27497542,DESIGNER,2719,2
189,62312955,DESIGNER,2258,2
190,22506245,DESIGNER,3563,3
191,28663949,DESIGNER,1835,2
192,39434376,DESIGNER,1515,1
193,13998435,DESIGNER,6301,5
194,30965258,DESIGNER,5043,4
195,18835363,DESIGNER,6008,5
196,26503829,DESIGNER,5711,5
197,18198627,DESIGNER,6890,6
198,39252859,DESIGNER,4615,4
199,34051710,DESIGNER,5527,5
200,37664296,DESIGNER,9804,8
201,21916744,DESIGNER,4957,4
202,15425154,DESIGNER,6729,6
203,24285142,DESIGNER,5947,5
204,24583187,DESIGNER,4698,4
205,29865476,DESIGNER,5664,5
206,25949631,DESIGNER,5779,5
207,21283733,DESIGNER,6208,5
208,51018476,DESIGNER,2886,3
209,13014900,DESIGNER,10150,8
210,44145704,DESIGNER,5081,4
211,18795567,DESIGNER,4672,4
212,42384185,DESIGNER,5296,4
213,26942552,DESIGNER,5015,4
214,67645662,DESIGNER,7698,6
215,34511655,DESIGNER,5107,4
216,37695494,DESIGNER,2863,3
217,93301686,DESIGNER,5347,4
218,36856210,INFORMATION-TECHNOLOGY,4474,4
219,21780877,INFORMATION-TECHNOLOGY,5839,5
220,33241454,INFORMATION-TECHNOLOGY,3815,3
221,25990239,INFORMATION-TECHNOLOGY,4886,4
222,16899268,INFORMATION-TECHNOLOGY,3742,3
223,91635250,INFORMATION-TECHNOLOGY,7197,6
224,19796840,INFORMATION-TECHNOLOGY,14943,12
225,15651486,INFORMATION-TECHNOLOGY,6113,5
226,52246737,INFORMATION-TECHNOLOGY,7355,6
227,12045067,INFORMATION-TECHNOLOGY,8405,7
228,13836471,INFORMATION-TECHNOLOGY,4359,4
229,14789139,INFORMATION-TECHNOLOGY,8155,7
230,36434348,INFORMATION-TECHNOLOGY,5156,4
231,27536013,INFORMATION-TECHNOLOGY,5561,5
232,18301617,INFORMATION-TECHNOLOGY,5219,4
233,24913648,INFORMATION-TECHNOLOGY,6670,6
234,26801767,INFORMATION-TECHNOLOGY,9102,7
235,27372171,INFORMATION-TECHNOLOGY,11476,9
236,91697974,INFORMATION-TECHNOLOGY,5439,5
237,28672970,INFORMATION-TECHNOLOGY,6279,5
238,66832845,INFORMATION-TECHNOLOGY,4749,4
239,25207620,INFORMATION-TECHNOLOGY,5779,5
240,41344156,INFORMATION-TECHNOLOGY,6099,5
241,68460556,INFORMATION-TECHNOLOGY,2208,2
242,10247517,INFORMATION-TECHNOLOGY,6463,5
243,25959103,INFORMATION-TECHNOLOGY,5099,4
244,13385306,INFORMATION-TECHNOLOGY,4726,4
245,38753827,INFORMATION-TECHNOLOGY,9106,7
246,17681064,INFORMATION-TECHNOLOGY,4868,4
247,25905275,INFORMATION-TECHNOLOGY,6938,6
248,11580408,INFORMATION-TECHNOLOGY,5330,4
249,19201175,INFORMATION-TECHNOLOGY,5244,4
250,12635195,INFORMATION-TECHNOLOGY,2649,2
251,32959732,INFORMATION-TECHNOLOGY,11136,9
252,17688766,INFORMATION-TECHNOLOGY,4065,3
253,20024870,INFORMATION-TECHNOLOGY,2548,2
254,22450718,INFORMATION-TECHNOLOGY,7353,6
255,46260230,INFORMATION-TECHNOLOGY,9885,8
256,10839851,INFORMATION-TECHNOLOGY,4156,4
257,18752129,INFORMATION-TECHNOLOGY,8243,6
258,37764298,INFORMATION-TECHNOLOGY,6231,5
259,90867631,INFORMATION-TECHNOLOGY,11414,9
260,17641670,INFORMATION-TECHNOLOGY,13324,11
261,24889109,INFORMATION-TECHNOLOGY,4393,4
262,24083609,INFORMATION-TECHNOLOGY,1760,2
263,24038620,INFORMATION-TECHNOLOGY,6020,5
264,29051656,INFORMATION-TECHNOLOGY,6497,5
265,20237244,INFORMATION-TECHNOLOGY,2773,2
266,20001721,INFORMATION-TECHNOLOGY,3493,3
267,92069209,INFORMATION-TECHNOLOGY,5190,4
268,13405733,INFORMATION-TECHNOLOGY,5891,5
269,28697203,INFORMATION-TECHNOLOGY,5055,4
270,28035460,INFORMATION-TECHNOLOGY,5900,5
271,21283365,INFORMATION-TECHNOLOGY,5706,5
272,17987433,INFORMATION-TECHNOLOGY,5472,5
273,10553553,INFORMATION-TECHNOLOGY,4591,4
274,15118506,INFORMATION-TECHNOLOGY,4983,4
275,18176523,INFORMATION-TECHNOLOGY,4467,4
276,24020470,INFORMATION-TECHNOLOGY,7339,6
277,70089206,INFORMATION-TECHNOLOGY,6470,5
278,27770859,INFORMATION-TECHNOLOGY,5068,4
279,57002858,INFORMATION-TECHNOLOGY,4726,4
280,13477922,INFORMATION-TECHNOLOGY,4918,4
281,28126340,INFORMATION-TECHNOLOGY,8243,7
282,37242217,INFORMATION-TECHNOLOGY,6876,6
283,10089434,INFORMATION-TECHNOLOGY,7820,6
284,11957080,INFORMATION-TECHNOLOGY,8655,7
285,35325329,INFORMATION-TECHNOLOGY,6341,5
286,10840430,INFORMATION-TECHNOLOGY,6999,6
287,64017585,INFORMATION-TECHNOLOGY,2918,3
288,19850482,INFORMATION-TECHNOLOGY,6804,6
289,52618188,INFORMATION-TECHNOLOGY,7302,6
290,28897981,INFORMATION-TECHNOLOGY,6023,5
291,51639418,INFORMATION-TECHNOLOGY,4600,4
292,20674668,INFORMATION-TECHNOLOGY,5276,4
293,23527321,INFORMATION-TECHNOLOGY,5381,4
294,18159866,INFORMATION-TECHNOLOGY,9920,8
295,22776912,INFORMATION-TECHNOLOGY,8984,7
296,23864648,INFORMATION-TECHNOLOGY,5592,5
297,18187364,INFORMATION-TECHNOLOGY,8804,7
298,83816738,INFORMATION-TECHNOLOGY,8643,7
299,20824105,INFORMATION-TECHNOLOGY,6434,5
300,33381211,INFORMATION-TECHNOLOGY,10115,8
301,16533554,INFORMATION-TECHNOLOGY,4724,4
302,20879311,INFORMATION-TECHNOLOGY,7762,6
303,31111279,INFORMATION-TECHNOLOGY,7736,6
304,17111768,INFORMATION-TECHNOLOGY,10242,8
305,11584809,INFORMATION-TECHNOLOGY,4819,4
306,20408458,INFORMATION-TECHNOLOGY,7942,6
307,91121135,INFORMATION-TECHNOLOGY,6280,5
308,24230851,INFORMATION-TECHNOLOGY,4577,4
309,40018190,INFORMATION-TECHNOLOGY,2801,3
310,16186411,INFORMATION-TECHNOLOGY,8609,7
311,29975124,INFORMATION-TECHNOLOGY,5595,5
312,26746496,INFORMATION-TECHNOLOGY,7920,6
313,89413122,INFORMATION-TECHNOLOGY,4556,4
314,12334140,INFORMATION-TECHNOLOGY,12553,10
315,10641230,INFORMATION-TECHNOLOGY,4903,4
316,10265057,INFORMATION-TECHNOLOGY,4806,4
317,30223363,INFORMATION-TECHNOLOGY,10471,8
318,15791766,INFORMATION-TECHNOLOGY,4428,4
319,29075857,INFORMATION-TECHNOLOGY,8890,7
320,12763627,INFORMATION-TECHNOLOGY,5770,5
321,39718499,INFORMATION-TECHNOLOGY,2211,2
322,27058381,INFORMATION-TECHNOLOGY,10129,8
323,25857360,INFORMATION-TECHNOLOGY,6111,5
324,26768723,INFORMATION-TECHNOLOGY,4785,4
325,31243710,INFORMATION-TECHNOLOGY,6993,6
326,15297298,INFORMATION-TECHNOLOGY,5621,5
327,27295996,INFORMATION-TECHNOLOGY,6715,6
328,39413067,INFORMATION-TECHNOLOGY,5077,4
329,48037995,INFORMATION-TECHNOLOGY,5494,5
330,15802627,INFORMATION-TECHNOLOGY,7770,6
331,51363762,INFORMATION-TECHNOLOGY,7598,6
332,18067556,INFORMATION-TECHNOLOGY,18755,15
333,27485716,INFORMATION-TECHNOLOGY,5705,5
334,26480367,INFORMATION-TECHNOLOGY,4694,4
335,81761658,INFORMATION-TECHNOLOGY,6332,5
336,79541391,INFORMATION-TECHNOLOGY,12100,10
337,23666211,INFORMATION-TECHNOLOGY,5631,5
338,12467531,TEACHER,6511,5
339,19918523,TEACHER,2354,2
340,62184086,TEACHER,2481,2
341,28063132,TEACHER,2436,2
342,29797594,TEACHER,5189,4
343,22408666,TEACHER,5191,4
344,13087952,TEACHER,4298,4
345,15850434,TEACHER,4719,4
346,28772892,TEACHER,6583,5
347,33704389,TEACHER,5160,4
348,16210888,TEACHER,5545,5
349,38750659,TEACHER,4523,4
350,90363254,TEACHER,6321,5
351,66906212,TEACHER,6891,6
352,34745915,TEACHER,6737,5
353,34689720,TEACHER,4404,4
354,48547319,TEACHER,5210,4
355,19464810,TEACHER,6442,5
356,28086303,TEACHER,4018,3
357,13855004,TEACHER,5553,5
358,35421497,TEACHER,3430,3
359,69005326,TEACHER,4898,4
360,18001081,TEACHER,6367,5
361,14958913,TEACHER,4677,4
362,13296856,TEACHER,4315,4
363,63391085,TEACHER,5349,4
364,23939133,TEACHER,5669,5
365,96547039,TEACHER,4898,4
366,22807104,TEACHER,7171,6
367,23628651,TEACHER,4614,4
368,29486525,TEACHER,4769,4
369,22510753,TEACHER,4429,4
370,21773106,TEACHER,6266,5
371,34465087,TEACHER,6326,5
372,24791126,TEACHER,5239,4
373,15899269,TEACHER,2477,2
374,37402097,TEACHER,2440,2
375,36206485,TEACHER,6160,5
376,36569713,TEACHER,2054,2
377,28013287,TEACHER,5132,4
378,29267293,TEACHER,2651,2
379,45286020,TEACHER,5976,5
380,13330982,TEACHER,4576,4
381,22551979,TEACHER,5399,4
382,29639533,TEACHER,5519,5
383,49285644,TEACHER,5620,5
384,16270906,TEACHER,10562,8
385,27531694,TEACHER,7917,6
386,74816727,TEACHER,4468,4
387,23398843,TEACHER,4741,4
388,31552617,TEACHER,2462,2
389,19556300,TEACHER,5660,5
390,66683238,TEACHER,4646,4
391,17311685,TEACHER,1856,2
392,17481570,TEACHER,2345,2
393,22884757,TEACHER,2387,2
394,58708773,TEACHER,1667,2
395,10527994,TEACHER,1533,1
396,69532425,TEACHER,1837,2
397,20399718,TEACHER,5476,5
398,19302310,TEACHER,4725,4
399,51209395,TEACHER,1280,1
400,22632070,TEACHER,3005,3
401,22056333,TEACHER,2023,2
402,11336022,TEACHER,2666,2
403,11616482,TEACHER,3446,3
404,34033933,TEACHER,4484,4
405,21531811,TEACHER,2126,2
406,20626794,TEACHER,1588,2
407,58665241,TEACHER,5069,4
408,37660306,TEACHER,17329,13
409,13583538,TEACHER,5625,5
410,20230207,TEACHER,4588,4
411,28642819,TEACHER,5244,4
412,16820422,TEACHER,5540,5
413,29930479,TEACHER,2145,2
414,25588694,TEACHER,2859,3
415,86597425,TEACHER,8713,7
416,10909720,TEACHER,5670,5
417,28933005,TEACHER,7994,7
418,53129155,TEACHER,4832,4
419,11943065,TEACHER,4619,4
420,45987048,TEACHER,5811,5
421,99244405,TEACHER,5109,4
422,32067700,TEACHER,3258,3
423,27126818,TEACHER,12902,10
424,19786924,TEACHER,5912,5
425,70892619,TEACHER,4953,4
426,25729119,TEACHER,4368,4
427,58105060,TEACHER,4836,4
428,12587973,TEACHER,5037,4
429,21611212,TEACHER,3184,3
430,21550454,TEACHER,4629,4
431,86322251,TEACHER,5790,5
432,22968380,TEACHER,5530,5
433,10504237,TEACHER,5806,5
434,24240349,TEACHER,5006,4
435,20478831,TEACHER,5006,4
436,79663360,TEACHER,4832,4
437,76196367,TEACHER,5553,5
438,27524018,TEACHER,8340,7
439,27798860,TEACHER,9947,8
440,14445309,ADVOCATE,4541,4
441,35474904,ADVOCATE,6970,6
442,37348041,ADVOCATE,4672,4
443,89508407,ADVOCATE,5073,4
444,25873425,ADVOCATE,6726,5
445,31040875,ADVOCATE,2594,2
446,11188218,ADVOCATE,5791,5
447,73448369,ADVOCATE,4646,4
448,42164460,ADVOCATE,5206,4
449,18725071,ADVOCATE,5165,4
450,28974459,ADVOCATE,5001,4
451,38291889,ADVOCATE,5113,4
452,12171093,ADVOCATE,3008,3
453,13967854,ADVOCATE,4707,4
454,90468982,ADVOCATE,4681,4
455,49475708,ADVOCATE,5460,4
456,54067174,ADVOCATE,3603,3
457,49486820,ADVOCATE,7341,6
458,38860712,ADVOCATE,4553,4
459,16332348,ADVOCATE,11588,9
460,34970271,ADVOCATE,5039,4
461,14064815,ADVOCATE,4791,4
462,12544735,ADVOCATE,3239,3
463,20138606,ADVOCATE,7027,6
464,36694627,ADVOCATE,4558,4
465,29926588,ADVOCATE,4836,4
466,28206098,ADVOCATE,4854,4
467,20765795,ADVOCATE,4578,4
468,20272792,ADVOCATE,2081,2
469,20324037,ADVOCATE,5125,4
470,53169257,ADVOCATE,4623,4
471,24588864,ADVOCATE,12623,10
472,11963737,ADVOCATE,4644,4
473,13593241,ADVOCATE,6590,5
474,22391901,ADVOCATE,4616,4
475,10344379,ADVOCATE,4803,4
476,74126637,ADVOCATE,4791,4
477,26071861,ADVOCATE,5604,5
478,24410405,ADVOCATE,4889,4
479,14146106,ADVOCATE,4746,4
480,74191424,ADVOCATE,5102,4
481,10186968,ADVOCATE,3765,3
482,20400279,ADVOCATE,7268,6
483,23427369,ADVOCATE,4673,4
484,95714702,ADVOCATE,6325,5
485,18997135,ADVOCATE,4186,4
486,11773767,ADVOCATE,4752,4
487,78538268,ADVOCATE,4917,4
488,13909762,ADVOCATE,6979,6
489,20604208,ADVOCATE,6673,6
490,72652441,ADVOCATE,6624,5
491,24754689,ADVOCATE,5961,5
492,75057933,ADVOCATE,5084,4
493,19063156,ADVOCATE,15383,12
494,91051945,ADVOCATE,13147,11
495,14176254,ADVOCATE,5149,4
496,22259475,ADVOCATE,4262,4
497,37560528,ADVOCATE,8055,6
498,23577836,ADVOCATE,7409,6
499,36392131,ADVOCATE,7029,6
500,32965335,ADVOCATE,7548,6
501,21614256,ADVOCATE,5350,4
502,97405769,ADVOCATE,6868,6
503,95970987,ADVOCATE,11901,9
504,17021141,ADVOCATE,5535,5
505,15337481,ADVOCATE,5682,5
506,75950464,ADVOCATE,11350,9
507,19518606,ADVOCATE,4866,4
508,15727656,ADVOCATE,4582,4
509,31242382,ADVOCATE,5778,5
510,29173771,ADVOCATE,5099,4
511,19108760,ADVOCATE,7815,6
512,14708590,ADVOCATE,5108,4
513,77439230,ADVOCATE,7902,6
514,40088790,ADVOCATE,6550,5
515,22042181,ADVOCATE,6046,5
516,29415426,ADVOCATE,2292,2
517,37333719,ADVOCATE,1696,2
518,15313140,ADVOCATE,4944,4
519,13072354,ADVOCATE,5764,5
520,20544228,ADVOCATE,4615,4
521,30741799,ADVOCATE,5014,4
522,17847636,ADVOCATE,4626,4
523,80503242,ADVOCATE,5048,4
524,26456474,ADVOCATE,4702,4
525,10818478,ADVOCATE,2134,2
526,24124250,ADVOCATE,5046,4
527,37640804,ADVOCATE,6657,5
528,27182111,ADVOCATE,6982,6
529,11174187,ADVOCATE,7627,6
530,47133747,ADVOCATE,6877,6
531,10659182,ADVOCATE,4627,4
532,35344611,ADVOCATE,6301,5
533,13342150,ADVOCATE,5364,4
534,28111403,ADVOCATE,7842,6
535,34327438,ADVOCATE,6585,5
536,15958967,ADVOCATE,6924,6
537,13115648,ADVOCATE,4774,4
538,46772262,ADVOCATE,4492,4
539,38059130,ADVOCATE,6317,5
540,24695561,ADVOCATE,7424,6
541,93512385,ADVOCATE,2118,2
542,38698573,ADVOCATE,5138,4
543,18090899,ADVOCATE,5309,4
544,23804341,ADVOCATE,4280,4
545,29177904,ADVOCATE,5058,4
546,17911230,ADVOCATE,5435,5
547,19926135,ADVOCATE,4784,4
548,44115326,ADVOCATE,19268,15
549,75435017,ADVOCATE,7209,6
550,19234823,ADVOCATE,7003,6
551,13809698,ADVOCATE,4493,4
552,17254634,ADVOCATE,5457,5
553,28871170,ADVOCATE,5251,4
554,24946537,ADVOCATE,11204,9
555,28635795,ADVOCATE,5230,4
556,24763208,ADVOCATE,8630,7
557,17165107,ADVOCATE,3626,3
558,65708020,BUSINESS-DEVELOPMENT,6076,5
559,36805025,BUSINESS-DEVELOPMENT,10061,8
560,13080868,BUSINESS-DEVELOPMENT,4732,4
561,20748929,BUSINESS-DEVELOPMENT,6907,6
562,26581830,BUSINESS-DEVELOPMENT,4690,4
563,38688388,BUSINESS-DEVELOPMENT,6095,5
564,25397102,BUSINESS-DEVELOPMENT,3278,3
565,12059198,BUSINESS-DEVELOPMENT,2866,3
566,10228751,BUSINESS-DEVELOPMENT,4515,4
567,61677751,BUSINESS-DEVELOPMENT,4777,4
568,20553895,BUSINESS-DEVELOPMENT,2152,2
569,18757174,BUSINESS-DEVELOPMENT,2223,2
570,14726000,BUSINESS-DEVELOPMENT,4765,4
571,29208172,BUSINESS-DEVELOPMENT,6967,6
572,40792022,BUSINESS-DEVELOPMENT,4042,3
573,17095812,BUSINESS-DEVELOPMENT,6909,6
574,27850777,BUSINESS-DEVELOPMENT,6619,5
575,90629382,BUSINESS-DEVELOPMENT,4652,4
576,34797369,BUSINESS-DEVELOPMENT,6163,5
577,98379112,BUSINESS-DEVELOPMENT,3959,3
578,37521676,BUSINESS-DEVELOPMENT,9270,7
579,10501991,BUSINESS-DEVELOPMENT,7203,6
580,18293620,BUSINESS-DEVELOPMENT,5953,5
581,19557384,BUSINESS-DEVELOPMENT,4576,4
582,15423153,BUSINESS-DEVELOPMENT,6750,5
583,20357858,BUSINESS-DEVELOPMENT,4803,4
584,12546838,BUSINESS-DEVELOPMENT,7146,6
585,24647386,BUSINESS-DEVELOPMENT,7034,6
586,23568641,BUSINESS-DEVELOPMENT,2604,2
587,22423839,BUSINESS-DEVELOPMENT,3488,3
588,19738730,BUSINESS-DEVELOPMENT,1930,2
589,32531824,BUSINESS-DEVELOPMENT,2664,2
590,34046031,BUSINESS-DEVELOPMENT,5757,5
591,14825300,BUSINESS-DEVELOPMENT,6510,5
592,37391947,BUSINESS-DEVELOPMENT,5811,5
593,26896699,BUSINESS-DEVELOPMENT,4378,4
594,11289482,BUSINESS-DEVELOPMENT,7374,6
595,29908929,BUSINESS-DEVELOPMENT,5305,4
596,10704573,BUSINESS-DEVELOPMENT,6863,6
597,14990354,BUSINESS-DEVELOPMENT,4354,4
598,24964303,BUSINESS-DEVELOPMENT,4726,4
599,82118447,BUSINESS-DEVELOPMENT,8962,7
600,18236085,BUSINESS-DEVELOPMENT,5084,4
601,29825044,BUSINESS-DEVELOPMENT,5014,4
602,77576845,BUSINESS-DEVELOPMENT,6779,6
603,39237915,BUSINESS-DEVELOPMENT,5054,4
604,28916894,BUSINESS-DEVELOPMENT,6356,5
605,26278597,BUSINESS-DEVELOPMENT,7703,6
606,80275976,BUSINESS-DEVELOPMENT,6604,5
607,11088337,BUSINESS-DEVELOPMENT,4875,4
608,23396633,BUSINESS-DEVELOPMENT,6718,6
609,12814706,BUSINESS-DEVELOPMENT,4802,4
610,39875803,BUSINESS-DEVELOPMENT,5125,4
611,30938994,BUSINESS-DEVELOPMENT,5545,5
612,16694152,BUSINESS-DEVELOPMENT,5496,5
613,15233524,BUSINESS-DEVELOPMENT,5275,4
614,81310245,BUSINESS-DEVELOPMENT,4993,4
615,22025574,BUSINESS-DEVELOPMENT,6135,5
616,13888506,BUSINESS-DEVELOPMENT,3512,3
617,79759716,BUSINESS-DEVELOPMENT,4777,4
618,10541358,BUSINESS-DEVELOPMENT,5784,5
619,31638814,BUSINESS-DEVELOPMENT,2326,2
620,25370801,BUSINESS-DEVELOPMENT,1476,1
621,27796199,BUSINESS-DEVELOPMENT,3536,3
622,10289113,BUSINESS-DEVELOPMENT,5127,4
623,27219200,BUSINESS-DEVELOPMENT,4781,4
624,10235211,BUSINESS-DEVELOPMENT,7781,6
625,14287992,BUSINESS-DEVELOPMENT,5002,4
626,47067533,BUSINESS-DEVELOPMENT,5016,4
627,14241621,BUSINESS-DEVELOPMENT,5839,5
628,27213082,BUSINESS-DEVELOPMENT,5685,5
629,31813535,BUSINESS-DEVELOPMENT,6199,5
630,17115815,BUSINESS-DEVELOPMENT,3267,3
631,20317319,BUSINESS-DEVELOPMENT,5375,4
632,38007664,BUSINESS-DEVELOPMENT,5486,5
633,24412546,BUSINESS-DEVELOPMENT,7561,6
634,29014805,BUSINESS-DEVELOPMENT,8362,7
635,12377803,BUSINESS-DEVELOPMENT,5413,4
636,32385553,BUSINESS-DEVELOPMENT,7065,6
637,13199813,BUSINESS-DEVELOPMENT,7097,6
638,11551946,BUSINESS-DEVELOPMENT,7113,6
639,22765255,BUSINESS-DEVELOPMENT,8744,7
640,20427934,BUSINESS-DEVELOPMENT,4878,4
641,35673335,BUSINESS-DEVELOPMENT,5313,4
642,16846478,BUSINESS-DEVELOPMENT,7621,6
643,89197180,BUSINESS-DEVELOPMENT,6035,5
644,36574147,BUSINESS-DEVELOPMENT,5842,5
645,27004930,BUSINESS-DEVELOPMENT,4946,4
646,12230301,BUSINESS-DEVELOPMENT,11536,9
647,59696315,BUSINESS-DEVELOPMENT,10053,8
648,20633855,BUSINESS-DEVELOPMENT,3359,3
649,18311419,BUSINESS-DEVELOPMENT,4126,3
650,16091352,BUSINESS-DEVELOPMENT,4670,4
651,27375577,BUSINESS-DEVELOPMENT,5803,5
652,25813953,BUSINESS-DEVELOPMENT,3477,3
653,76916835,BUSINESS-DEVELOPMENT,3409,3
654,17730889,BUSINESS-DEVELOPMENT,5019,4
655,67501448,BUSINESS-DEVELOPMENT,5667,5
656,17421910,BUSINESS-DEVELOPMENT,3422,3
657,12632728,BUSINESS-DEVELOPMENT,3,1
658,91467795,BUSINESS-DEVELOPMENT,5906,5
659,13574264,BUSINESS-DEVELOPMENT,4931,4
660,27139412,BUSINESS-DEVELOPMENT,2717,2
661,14070138,BUSINESS-DEVELOPMENT,6902,6
662,15811992,BUSINESS-DEVELOPMENT,6935,6
663,14871762,BUSINESS-DEVELOPMENT,3531,3
664,17597372,BUSINESS-DEVELOPMENT,2498,2
665,18937778,BUSINESS-DEVELOPMENT,4558,4
666,14861855,BUSINESS-DEVELOPMENT,5215,4
667,36170003,BUSINESS-DEVELOPMENT,4957,4
668,27937592,BUSINESS-DEVELOPMENT,4610,4
669,16519708,BUSINESS-DEVELOPMENT,6239,5
670,17602815,BUSINESS-DEVELOPMENT,4650,4
671,28337049,BUSINESS-DEVELOPMENT,6122,5
672,33424600,BUSINESS-DEVELOPMENT,9300,7
673,32042584,BUSINESS-DEVELOPMENT,3305,3
674,14752209,BUSINESS-DEVELOPMENT,4722,4
675,31273310,BUSINESS-DEVELOPMENT,5229,4
676,14055971,BUSINESS-DEVELOPMENT,5837,5
677,95382114,BUSINESS-DEVELOPMENT,5050,4
678,23617240,HEALTHCARE,9403,8
679,23138078,HEALTHCARE,5025,4
680,51777546,HEALTHCARE,4720,4
681,69199666,HEALTHCARE,5138,4
682,93988900,HEALTHCARE,11343,9
683,41910253,HEALTHCARE,3217,3
684,28670024,HEALTHCARE,19709,16
685,36625776,HEALTHCARE,7596,6
686,96260484,HEALTHCARE,5251,4
687,11378657,HEALTHCARE,5056,4
688,34962725,HEALTHCARE,3987,3
689,18365443,HEALTHCARE,5989,5
690,26125407,HEALTHCARE,8061,7
691,54934269,HEALTHCARE,4934,4
692,37374340,HEALTHCARE,4490,4
693,25328428,HEALTHCARE,4796,4
694,56520872,HEALTHCARE,5332,4
695,23944036,HEALTHCARE,5075,4
696,19090468,HEALTHCARE,5900,5
697,16132195,HEALTHCARE,5191,4
698,27030979,HEALTHCARE,5160,4
699,17960690,HEALTHCARE,4185,3
700,17624934,HEALTHCARE,4483,4
701,22008817,HEALTHCARE,7910,6
702,20835760,HEALTHCARE,5303,4
703,87520378,HEALTHCARE,5037,4
704,58879993,HEALTHCARE,5069,4
705,64471954,HEALTHCARE,2207,2
706,18714571,HEALTHCARE,4438,4
707,20748468,HEALTHCARE,9404,8
708,98300955,HEALTHCARE,9932,8
709,11653906,HEALTHCARE,5329,4
710,10466208,HEALTHCARE,7049,6
711,13352113,HEALTHCARE,5723,5
712,20110597,HEALTHCARE,6919,6
713,20211577,HEALTHCARE,5133,4
714,12315079,HEALTHCARE,5886,5
715,10480456,HEALTHCARE,14815,12
716,75297735,HEALTHCARE,4495,4
717,49325370,HEALTHCARE,7640,6
718,21866029,HEALTHCARE,6225,5
719,14667957,HEALTHCARE,6826,6
720,10062724,HEALTHCARE,10834,9
721,43994605,HEALTHCARE,5371,4
722,23814777,HEALTHCARE,4705,4
723,28745844,HEALTHCARE,4739,4
724,17864043,HEALTHCARE,7711,6
725,16121387,HEALTHCARE,8634,7
726,10076271,HEALTHCARE,5168,4
727,80876647,HEALTHCARE,5632,5
728,36861863,HEALTHCARE,1646,2
729,24025053,HEALTHCARE,4802,4
730,17545780,HEALTHCARE,5098,4
731,95011061,HEALTHCARE,3149,3
732,13565152,HEALTHCARE,11628,9
733,75744306,HEALTHCARE,5810,5
734,26908066,HEALTHCARE,4406,4
735,11704150,HEALTHCARE,4297,4
736,27917969,HEALTHCARE,10371,8
737,12613221,HEALTHCARE,3162,3
738,15680735,HEALTHCARE,7326,6
739,13575312,HEALTHCARE,7011,6
740,15636923,HEALTHCARE,6176,5
741,14062078,HEALTHCARE,6986,6
742,37001381,HEALTHCARE,5511,5
743,32219038,HEALTHCARE,4847,4
744,10251432,HEALTHCARE,4991,4
745,28423028,HEALTHCARE,7629,6
746,46349752,HEALTHCARE,7404,6
747,26958533,HEALTHCARE,4699,4
748,23110214,HEALTHCARE,7855,6
749,17963031,HEALTHCARE,7401,6
750,60624892,HEALTHCARE,6401,5
751,23918545,HEALTHCARE,5511,5
752,20172393,HEALTHCARE,4707,4
753,39082090,HEALTHCARE,5543,5
754,98309114,HEALTHCARE,11498,9
755,16702198,HEALTHCARE,6799,6
756,45907524,HEALTHCARE,8828,7
757,12333703,HEALTHCARE,5522,5
758,15499825,HEALTHCARE,4769,4
759,85417107,HEALTHCARE,7880,6
760,33750209,HEALTHCARE,5942,5
761,24548333,HEALTHCARE,4643,4
762,16356151,HEALTHCARE,9121,7
763,20736486,HEALTHCARE,6845,6
764,18784594,HEALTHCARE,4976,4
765,85421438,HEALTHCARE,6242,5
766,33803142,HEALTHCARE,7856,6
767,47996197,HEALTHCARE,4903,4
768,11605833,HEALTHCARE,5585,5
769,25451319,HEALTHCARE,6343,5
770,91478356,HEALTHCARE,6023,5
771,29134372,HEALTHCARE,5656,5
772,35579812,HEALTHCARE,4981,4
773,12938200,HEALTHCARE,4828,4
774,31926950,HEALTHCARE,7465,6
775,32563518,HEALTHCARE,8353,7
776,29992154,HEALTHCARE,6841,6
777,25974844,HEALTHCARE,4663,4
778,18129173,HEALTHCARE,4825,4
779,26585242,HEALTHCARE,4617,4
780,26695839,HEALTHCARE,5453,5
781,10568183,HEALTHCARE,7174,6
782,24550866,HEALTHCARE,5013,4
783,34594746,HEALTHCARE,5565,5
784,25834360,HEALTHCARE,4784,4
785,27090089,HEALTHCARE,6279,5
786,35422305,HEALTHCARE,6041,5
787,18484846,HEALTHCARE,5434,4
788,18949843,HEALTHCARE,6502,5
789,17539842,HEALTHCARE,6563,5
790,36868767,HEALTHCARE,4502,4
791,97169343,HEALTHCARE,11028,9
792,31395710,HEALTHCARE,6825,6
793,17576030,FITNESS,2398,2
794,24444525,FITNESS,4500,4
795,10268614,FITNESS,4971,4
796,29792535,FITNESS,4895,4
797,15932017,FITNESS,2712,2
798,23063986,FITNESS,6180,5
799,10816645,FITNESS,2738,2
800,11522068,FITNESS,1245,1
801,10568350,FITNESS,4652,4
802,18767449,FITNESS,2751,2
803,20457611,FITNESS,6923,6
804,54259150,FITNESS,6155,5
805,67032711,FITNESS,4923,4
806,12019284,FITNESS,5101,4
807,38650096,FITNESS,2030,2
808,32651555,FITNESS,5796,5
809,55746506,FITNESS,4701,4
810,10235429,FITNESS,5957,5
811,30757456,FITNESS,12061,10
812,19037403,FITNESS,7984,6
813,32636041,FITNESS,5954,5
814,27974588,FITNESS,3431,3
815,24251588,FITNESS,5403,4
816,97123005,FITNESS,4717,4
817,38642923,FITNESS,4598,4
818,39805617,FITNESS,5878,5
819,20565486,FITNESS,4835,4
820,28669770,FITNESS,5527,5
821,17660419,FITNESS,1620,2
822,22855060,FITNESS,5536,5
823,17163375,FITNESS,2109,2
824,35302620,FITNESS,5066,4
825,19599699,FITNESS,2162,2
826,17286050,FITNESS,2192,2
827,15293959,FITNESS,4269,4
828,10428916,FITNESS,3388,3
829,52684666,FITNESS,6551,5
830,19774173,FITNESS,1782,2
831,23011221,FITNESS,6862,6
832,13367322,FITNESS,7864,6
833,16038911,FITNESS,7509,6
834,30990885,FITNESS,3333,3
835,12923795,FITNESS,7805,6
836,20279756,FITNESS,4759,4
837,25838512,FITNESS,2313,2
838,17431847,FITNESS,4469,4
839,28321954,FITNESS,5140,4
840,11332602,FITNESS,5532,5
841,17166018,FITNESS,2574,2
842,29573698,FITNESS,2322,2
843,95769832,FITNESS,2643,2
844,89858892,FITNESS,5451,5
845,22488036,FITNESS,4936,4
846,22093368,FITNESS,5662,5
847,31042953,FITNESS,4860,4
848,24994145,FITNESS,3433,3
849,56286525,FITNESS,6486,5
850,32517106,FITNESS,6742,6
851,38108845,FITNESS,6850,6
852,28172023,FITNESS,2276,2
853,45656814,FITNESS,4256,4
854,24767027,FITNESS,5576,5
855,25507648,FITNESS,7180,6
856,17915015,FITNESS,5010,4
857,36139251,FITNESS,9316,8
858,16474898,FITNESS,4784,4
859,25482567,FITNESS,2879,3
860,29165698,FITNESS,2442,2
861,27084878,FITNESS,5862,5
862,26459032,FITNESS,5091,4
863,70603826,FITNESS,7727,6
864,95085510,FITNESS,4699,4
865,21238396,FITNESS,6311,5
866,20255404,FITNESS,5325,4
867,69666645,FITNESS,2703,2
868,19938081,FITNESS,8979,7
869,12092347,FITNESS,5481,5
870,62870550,FITNESS,5554,5
871,76530505,FITNESS,5067,4
872,10333051,FITNESS,8092,7
873,29319314,FITNESS,4465,4
874,77266989,FITNESS,4917,4
875,59487170,FITNESS,7101,6
876,24219583,FITNESS,4922,4
877,27397245,FITNESS,4525,4
878,29425788,FITNESS,6456,5
879,11130200,FITNESS,5014,4
880,10969918,FITNESS,4565,4
881,21178545,FITNESS,5207,4
882,12938389,FITNESS,6693,6
883,57575888,FITNESS,7397,6
884,37087824,FITNESS,4219,4
885,21122155,FITNESS,7004,6
886,24708621,FITNESS,3659,3
887,27903191,FITNESS,4482,4
888,24905947,FITNESS,4630,4
889,75156649,FITNESS,2157,2
890,96761538,FITNESS,1832,2
891,19975121,FITNESS,2096,2
892,12695799,FITNESS,4553,4
893,14515954,FITNESS,6417,5
894,13675377,FITNESS,4675,4
895,34151183,FITNESS,5349,4
896,16605352,FITNESS,5701,5
897,34792238,FITNESS,13303,11
898,23004695,FITNESS,4646,4
899,35164503,FITNESS,5591,5
900,63282405,FITNESS,4634,4
901,31556198,FITNESS,5410,4
902,12791244,FITNESS,3842,3
903,14107571,FITNESS,6206,5
904,17658471,FITNESS,4503,4
905,80000092,FITNESS,1379,1
906,13037145,FITNESS,2467,2
907,23477199,FITNESS,6492,5
908,29306433,FITNESS,4648,4
909,90365216,FITNESS,5167,4
910,54246169,AGRICULTURE,6456,5
911,28165687,AGRICULTURE,5653,5
912,21134923,AGRICULTURE,5146,4
913,37292350,AGRICULTURE,13550,11
914,84512719,AGRICULTURE,2284,2
915,21868149,AGRICULTURE,6492,5
916,37201447,AGRICULTURE,5516,5
917,29897742,AGRICULTURE,4684,4
918,55500538,AGRICULTURE,5113,4
919,15053703,AGRICULTURE,4686,4
920,15603319,AGRICULTURE,4590,4
921,69336473,AGRICULTURE,6046,5
922,18242317,AGRICULTURE,4717,4
923,30437583,AGRICULTURE,5038,4
924,14140903,AGRICULTURE,5754,5
925,17312146,AGRICULTURE,4063,3
926,29746235,AGRICULTURE,4784,4
927,62994611,AGRICULTURE,7500,6
928,38216888,AGRICULTURE,1304,1
929,19851252,AGRICULTURE,1267,1
930,11813872,AGRICULTURE,8209,7
931,16849128,AGRICULTURE,2029,2
932,23631188,AGRICULTURE,7736,6
933,24001783,AGRICULTURE,4368,4
934,12341902,AGRICULTURE,5082,4
935,11197262,AGRICULTURE,4779,4
936,10953078,AGRICULTURE,4957,4
937,69859102,AGRICULTURE,5351,4
938,40882926,AGRICULTURE,4569,4
939,16653657,AGRICULTURE,4906,4
940,24397882,AGRICULTURE,5860,5
941,16172429,AGRICULTURE,5589,5
942,36102323,AGRICULTURE,7826,6
943,81042872,AGRICULTURE,5344,4
944,19532392,AGRICULTURE,4772,4
945,34141299,AGRICULTURE,4807,4
946,89740812,AGRICULTURE,5252,4
947,20969119,AGRICULTURE,8663,7
948,27689009,AGRICULTURE,4764,4
949,29510501,AGRICULTURE,4661,4
950,17640785,AGRICULTURE,6271,5
951,29968330,AGRICULTURE,5300,4
952,28733974,AGRICULTURE,6029,5
953,15546686,AGRICULTURE,3242,3
954,56068028,AGRICULTURE,6161,5
955,24068423,AGRICULTURE,5257,4
956,12674256,AGRICULTURE,5101,4
957,27888251,AGRICULTURE,4722,4
958,16507693,AGRICULTURE,10296,8
959,55712978,AGRICULTURE,7075,6
960,26835781,AGRICULTURE,7185,6
961,26921245,AGRICULTURE,4438,4
962,20006992,AGRICULTURE,4941,4
963,11676151,AGRICULTURE,4362,4
964,24416961,AGRICULTURE,6639,5
965,69360287,AGRICULTURE,7051,6
966,18264694,AGRICULTURE,9931,8
967,16661264,AGRICULTURE,10811,9
968,26070334,AGRICULTURE,9885,8
969,29142288,AGRICULTURE,10471,8
970,28247753,AGRICULTURE,7435,6
971,79536879,AGRICULTURE,8871,7
972,17499196,AGRICULTURE,6401,5
973,79261033,BPO,4063,3
974,16492045,BPO,5435,5
975,18589927,BPO,2913,3
976,23933031,BPO,7705,6
977,13964744,BPO,7067,6
978,89512321,BPO,7192,6
979,30709029,BPO,4754,4
980,11183737,BPO,7942,6
981,63158213,BPO,5351,4
982,24727739,BPO,6649,5
983,15145575,BPO,5619,5
984,69097572,BPO,5606,5
985,31064969,BPO,5455,5
986,38707449,BPO,3437,3
987,57706851,BPO,9248,7
988,41152404,BPO,7743,6
989,27710853,BPO,15166,12
990,15573418,BPO,8076,6
991,26829350,BPO,6951,6
992,95625660,BPO,4667,4
993,19362586,BPO,5125,4
994,45077654,BPO,8458,7
995,87118391,SALES,4969,4
996,33578873,SALES,1730,2
997,27607632,SALES,3127,3
998,23760084,SALES,5674,5
999,30083943,SALES,4700,4
1000,20552814,SALES,7103,6
1001,40987524,SALES,6577,5
1002,29134721,SALES,11704,9
1003,18062906,SALES,4700,4
1004,29399491,SALES,4428,4
1005,19473948,SALES,6043,5
1006,71772815,SALES,6062,5
1007,15765660,SALES,6579,5
1008,29184740,SALES,2872,3
1009,17781039,SALES,6032,5
1010,19147947,SALES,5948,5
1011,18328743,SALES,1590,2
1012,37540732,SALES,4341,4
1013,30608780,SALES,6762,6
1014,15918496,SALES,4634,4
1015,16223371,SALES,2328,2
1016,79376680,SALES,5068,4
1017,36904300,SALES,8817,7
1018,10724818,SALES,5144,4
1019,26994282,SALES,4962,4
1020,20819838,SALES,6159,5
1021,16511249,SALES,5526,5
1022,36074301,SALES,4482,4
1023,27624540,SALES,6929,6
1024,20423658,SALES,5219,4
1025,98509238,SALES,5055,4
1026,25810233,SALES,4714,4
1027,15273850,SALES,1099,1
1028,26932091,SALES,7913,6
1029,13812481,SALES,4798,4
1030,55477468,SALES,4178,4
1031,15973307,SALES,2374,2
1032,22047665,SALES,2033,2
1033,69155584,SALES,2448,2
1034,30529547,SALES,2297,2
1035,23296286,SALES,2613,2
1036,10603337,SALES,1999,2
1037,22319662,SALES,1891,2
1038,15581242,SALES,2186,2
1039,90682785,SALES,1385,1
1040,98108571,SALES,955,1
1041,12351749,SALES,3079,3
1042,39581020,SALES,2174,2
1043,14267489,SALES,5981,5
1044,25839123,SALES,1705,2
1045,31454430,SALES,3052,3
1046,18368613,SALES,2283,2
1047,51349448,SALES,2239,2
1048,17509935,SALES,2180,2
1049,21595057,SALES,4894,4
1050,12696104,SALES,741,1
1051,34303500,SALES,5275,4
1052,10898339,SALES,1734,2
1053,25315791,SALES,3167,3
1054,36621169,SALES,2609,2
1055,17378327,SALES,2686,2
1056,33236701,SALES,4240,4
1057,29211919,SALES,3163,3
1058,16121015,SALES,5812,5
1059,19582792,SALES,6579,5
1060,13348915,SALES,4681,4
1061,59422148,SALES,4829,4
1062,10138632,SALES,5008,4
1063,29805310,SALES,5016,4
1064,26425074,SALES,5433,4
1065,10464113,SALES,5921,5
1066,54101961,SALES,2011,2
1067,92200491,SALES,5382,4
1068,26530696,SALES,4781,4
1069,29332616,SALES,4734,4
1070,42304307,SALES,5639,5
1071,12820557,SALES,6415,5
1072,13178604,SALES,9016,7
1073,23929500,SALES,4720,4
1074,37360517,SALES,4574,4
1075,28377361,SALES,4998,4
1076,18171955,SALES,4832,4
1077,12082377,SALES,4354,4
1078,28198029,SALES,1460,1
1079,28867567,SALES,5440,5
1080,19147494,SALES,5452,5
1081,14358578,SALES,5939,5
1082,37735467,SALES,5040,4
1083,65456466,SALES,7645,6
1084,32140087,SALES,6089,5
1085,17704246,SALES,17386,14
1086,58428843,SALES,4661,4
1087,70528646,SALES,8849,7
1088,23032182,SALES,8515,7
1089,36970996,SALES,8388,7
1090,13637605,SALES,2973,3
1091,55097118,SALES,5142,4
1092,24610685,SALES,5545,5
1093,38087844,SALES,5923,5
1094,28139742,SALES,7236,6
1095,17410700,SALES,3463,3
1096,20141807,SALES,4670,4
1097,16280971,SALES,5210,4
1098,34131484,SALES,2826,2
1099,18885231,SALES,1627,2
1100,15620421,SALES,7437,6
1101,31199035,SALES,4597,4
1102,85918100,SALES,6199,5
1103,14381464,SALES,747,1
1104,23782450,SALES,4898,4
1105,37792474,SALES,5022,4
1106,29928796,SALES,3054,3
1107,55104715,SALES,3048,3
1108,27233183,SALES,2880,3
1109,29815762,SALES,5907,5
1110,19156751,SALES,6306,5
1111,27096471,CONSULTANT,5385,4
1112,43311839,CONSULTANT,11020,9
1113,15119529,CONSULTANT,6650,5
1114,88907739,CONSULTANT,6112,5
1115,31395742,CONSULTANT,4915,4
1116,93349646,CONSULTANT,7635,6
1117,25694422,CONSULTANT,4853,4
1118,26291616,CONSULTANT,5714,5
1119,11020140,CONSULTANT,5182,4
1120,93459677,CONSULTANT,8697,7
1121,18079050,CONSULTANT,4532,4
1122,25213006,CONSULTANT,4749,4
1123,14517953,CONSULTANT,5112,4
1124,39308779,CONSULTANT,5539,5
1125,51724595,CONSULTANT,6564,5
1126,22259768,CONSULTANT,9381,8
1127,10332998,CONSULTANT,5151,4
1128,24643412,CONSULTANT,6726,5
1129,69181350,CONSULTANT,6393,5
1130,18856440,CONSULTANT,7667,6
1131,15433732,CONSULTANT,4866,4
1132,15281412,CONSULTANT,6450,5
1133,15699744,CONSULTANT,5781,5
1134,28951817,CONSULTANT,5569,5
1135,38165833,CONSULTANT,1386,1
1136,13586069,CONSULTANT,5657,5
1137,30083884,CONSULTANT,4188,4
1138,51432451,CONSULTANT,5728,5
1139,31169070,CONSULTANT,6983,6
1140,29723311,CONSULTANT,9945,8
1141,22485475,CONSULTANT,4784,4
1142,22556198,CONSULTANT,7877,6
1143,30863060,CONSULTANT,7674,6
1144,78016758,CONSULTANT,4761,4
1145,12897903,CONSULTANT,5412,5
1146,34875813,CONSULTANT,7205,6
1147,11333660,CONSULTANT,5913,5
1148,21366189,CONSULTANT,5752,5
1149,32637306,CONSULTANT,6875,6
1150,71888547,CONSULTANT,5095,4
1151,29770086,CONSULTANT,6017,5
1152,99714410,CONSULTANT,7057,6
1153,39441617,CONSULTANT,8373,7
1154,12374933,CONSULTANT,10663,9
1155,20176584,CONSULTANT,10086,8
1156,32433431,CONSULTANT,5894,5
1157,88691367,CONSULTANT,4605,4
1158,17025292,CONSULTANT,5179,4
1159,23302948,CONSULTANT,7641,6
1160,24828381,CONSULTANT,5920,5
1161,38896303,CONSULTANT,5578,5
1162,31217840,CONSULTANT,10200,8
1163,38399177,CONSULTANT,2069,2
1164,19161572,CONSULTANT,1410,1
1165,29647215,CONSULTANT,7869,6
1166,73075521,CONSULTANT,11813,9
1167,17983957,CONSULTANT,4786,4
1168,20314980,CONSULTANT,11985,9
1169,21512769,CONSULTANT,4430,4
1170,21568833,CONSULTANT,4799,4
1171,27726066,CONSULTANT,8023,6
1172,91189201,CONSULTANT,4458,4
1173,95429627,CONSULTANT,7173,6
1174,12526702,CONSULTANT,6371,5
1175,92246939,CONSULTANT,10506,8
1176,48533663,CONSULTANT,6183,5
1177,38457612,CONSULTANT,5567,5
1178,27788376,CONSULTANT,2307,2
1179,31016926,CONSULTANT,7977,6
1180,43378989,CONSULTANT,2105,2
1181,13454871,CONSULTANT,4960,4
1182,19936735,CONSULTANT,1891,2
1183,33919379,CONSULTANT,2307,2
1184,95350373,CONSULTANT,4467,4
1185,15602094,CONSULTANT,6295,5
1186,95792386,CONSULTANT,9917,8
1187,28243590,CONSULTANT,2112,2
1188,14593060,CONSULTANT,8327,7
1189,13313917,CONSULTANT,5137,4
1190,12251115,CONSULTANT,2741,2
1191,20574232,CONSULTANT,5164,4
1192,12955994,CONSULTANT,8194,7
1193,16964217,CONSULTANT,5358,4
1194,13215696,CONSULTANT,9080,7
1195,29196643,CONSULTANT,6762,5
1196,22351830,CONSULTANT,6165,5
1197,11415967,CONSULTANT,5422,5
1198,29297393,CONSULTANT,12591,10
1199,18227306,CONSULTANT,5191,4
1200,31201660,CONSULTANT,4677,4
1201,25258040,CONSULTANT,5822,5
1202,56792999,CONSULTANT,4738,4
1203,22571461,CONSULTANT,4238,4
1204,80527194,CONSULTANT,6684,5
1205,37818861,CONSULTANT,2841,2
1206,91116867,CONSULTANT,2212,2
1207,14346702,CONSULTANT,4521,4
1208,15083600,CONSULTANT,5380,4
1209,63670997,CONSULTANT,4844,4
1210,17307206,CONSULTANT,5639,5
1211,67406885,CONSULTANT,7399,6
1212,57364820,CONSULTANT,6250,5
1213,79570655,CONSULTANT,1418,1
1214,13569152,CONSULTANT,4938,4
1215,65062795,CONSULTANT,4474,4
1216,10984392,CONSULTANT,5940,5
1217,49777184,CONSULTANT,7621,6
1218,11835339,CONSULTANT,7625,6
1219,21156767,CONSULTANT,4971,4
1220,26234972,CONSULTANT,6643,5
1221,15535920,CONSULTANT,11766,9
1222,26919036,CONSULTANT,4951,4
1223,57601040,CONSULTANT,7448,6
1224,29076405,CONSULTANT,6164,5
1225,26167298,CONSULTANT,13810,11
1226,13837784,DIGITAL-MEDIA,2402,2
1227,16509761,DIGITAL-MEDIA,1666,2
1228,29915354,DIGITAL-MEDIA,4364,4
1229,82929064,DIGITAL-MEDIA,2037,2
1230,10515955,DIGITAL-MEDIA,5137,4
1231,14945250,DIGITAL-MEDIA,7257,6
1232,28609364,DIGITAL-MEDIA,4854,4
1233,19861776,DIGITAL-MEDIA,9715,8
1234,14036515,DIGITAL-MEDIA,4623,4
1235,11005406,DIGITAL-MEDIA,5082,4
1236,17132168,DIGITAL-MEDIA,5773,5
1237,15353911,DIGITAL-MEDIA,1454,1
1238,18501746,DIGITAL-MEDIA,2632,2
1239,26341987,DIGITAL-MEDIA,13820,11
1240,27419236,DIGITAL-MEDIA,8666,7
1241,13328680,DIGITAL-MEDIA,5249,4
1242,17584743,DIGITAL-MEDIA,5157,4
1243,14761906,DIGITAL-MEDIA,4486,4
1244,31162167,DIGITAL-MEDIA,4781,4
1245,15226699,DIGITAL-MEDIA,4689,4
1246,25525152,DIGITAL-MEDIA,2182,2
1247,13343786,DIGITAL-MEDIA,6106,5
1248,15484097,DIGITAL-MEDIA,6461,5
1249,25723793,DIGITAL-MEDIA,4762,4
1250,19444529,DIGITAL-MEDIA,5436,4
1251,33893326,DIGITAL-MEDIA,6427,5
1252,18442517,DIGITAL-MEDIA,7736,6
1253,40883703,DIGITAL-MEDIA,3066,3
1254,27981289,DIGITAL-MEDIA,3423,3
1255,18900722,DIGITAL-MEDIA,5459,5
1256,28109594,DIGITAL-MEDIA,5568,5
1257,31929166,DIGITAL-MEDIA,3029,3
1258,24574164,DIGITAL-MEDIA,10276,8
1259,23085604,DIGITAL-MEDIA,22478,17
1260,27080812,DIGITAL-MEDIA,5689,5
1261,14209965,DIGITAL-MEDIA,6774,5
1262,20330739,DIGITAL-MEDIA,5926,5
1263,37739183,DIGITAL-MEDIA,11927,10
1264,14771530,DIGITAL-MEDIA,2261,2
1265,62700506,DIGITAL-MEDIA,7293,6
1266,34319869,DIGITAL-MEDIA,4494,4
1267,30999638,DIGITAL-MEDIA,3961,3
1268,11677012,DIGITAL-MEDIA,2329,2
1269,18525641,DIGITAL-MEDIA,5234,4
1270,91539554,DIGITAL-MEDIA,4267,4
1271,13503650,DIGITAL-MEDIA,4884,4
1272,23864858,DIGITAL-MEDIA,4797,4
1273,24658786,DIGITAL-MEDIA,6883,6
1274,39166680,DIGITAL-MEDIA,6157,5
1275,25038571,DIGITAL-MEDIA,4880,4
1276,33542483,DIGITAL-MEDIA,4681,4
1277,58915642,DIGITAL-MEDIA,5234,4
1278,18927233,DIGITAL-MEDIA,2466,2
1279,16893572,DIGITAL-MEDIA,6075,5
1280,18488289,DIGITAL-MEDIA,5277,4
1281,31909493,DIGITAL-MEDIA,7377,6
1282,29002596,DIGITAL-MEDIA,7484,6
1283,73282756,DIGITAL-MEDIA,8628,7
1284,94492380,DIGITAL-MEDIA,4933,4
1285,18905648,DIGITAL-MEDIA,1596,2
1286,70196518,DIGITAL-MEDIA,2594,2
1287,56952849,DIGITAL-MEDIA,7711,6
1288,40311088,DIGITAL-MEDIA,4653,4
1289,19053815,DIGITAL-MEDIA,7002,6
1290,10005171,DIGITAL-MEDIA,5283,4
1291,26160200,DIGITAL-MEDIA,6259,5
1292,59011090,DIGITAL-MEDIA,2646,2
1293,34583750,DIGITAL-MEDIA,2765,2
1294,22380187,DIGITAL-MEDIA,1927,2
1295,24953921,DIGITAL-MEDIA,5975,5
1296,20490741,DIGITAL-MEDIA,11620,9
1297,21125113,DIGITAL-MEDIA,5845,5
1298,11270462,DIGITAL-MEDIA,5357,4
1299,90685127,DIGITAL-MEDIA,2836,2
1300,20628003,DIGITAL-MEDIA,1852,2
1301,30504149,DIGITAL-MEDIA,3884,3
1302,25706337,DIGITAL-MEDIA,2334,2
1303,91318828,DIGITAL-MEDIA,4432,4
1304,42156237,DIGITAL-MEDIA,2614,2
1305,80679862,DIGITAL-MEDIA,9333,8
1306,16276121,DIGITAL-MEDIA,3446,3
1307,27921561,DIGITAL-MEDIA,7277,6
1308,50219114,DIGITAL-MEDIA,5625,5
1309,30864828,DIGITAL-MEDIA,4587,4
1310,17562754,DIGITAL-MEDIA,5799,5
1311,24679149,DIGITAL-MEDIA,4736,4
1312,81508860,DIGITAL-MEDIA,6927,6
1313,28679359,DIGITAL-MEDIA,8199,7
1314,14556869,DIGITAL-MEDIA,4175,4
1315,23810469,DIGITAL-MEDIA,6246,5
1316,16536141,DIGITAL-MEDIA,7039,6
1317,12085736,DIGITAL-MEDIA,5520,5
1318,20210676,DIGITAL-MEDIA,3269,3
1319,22706174,DIGITAL-MEDIA,5061,4
1320,18354623,DIGITAL-MEDIA,6176,5
1321,17432318,DIGITAL-MEDIA,3959,3
1322,11797122,AUTOMOBILE,7194,6
1323,16332293,AUTOMOBILE,1502,1
1324,28790806,AUTOMOBILE,6347,5
1325,91515108,AUTOMOBILE,4343,4
1326,32109048,AUTOMOBILE,4731,4
1327,11152490,AUTOMOBILE,12755,10
1328,99680385,AUTOMOBILE,8777,7
1329,15790602,AUTOMOBILE,6294,5
1330,17510973,AUTOMOBILE,4091,3
1331,23522150,AUTOMOBILE,4600,4
1332,11257723,AUTOMOBILE,3203,3
1333,14455622,AUTOMOBILE,6348,5
1334,84295343,AUTOMOBILE,1866,2
1335,78357954,AUTOMOBILE,5384,4
1336,24703983,AUTOMOBILE,1991,2
1337,47487091,AUTOMOBILE,6051,5
1338,23009962,AUTOMOBILE,4939,4
1339,22732234,AUTOMOBILE,5700,5
1340,18448085,AUTOMOBILE,3023,3
1341,11887930,AUTOMOBILE,5980,5
1342,14508237,AUTOMOBILE,5605,5
1343,15100547,AUTOMOBILE,4515,4
1344,97449528,AUTOMOBILE,6533,5
1345,26341645,AUTOMOBILE,6839,6
1346,82140102,AUTOMOBILE,6499,5
1347,17571262,AUTOMOBILE,4461,4
1348,32069695,AUTOMOBILE,7511,6
1349,22946204,AUTOMOBILE,5164,4
1350,63989974,AUTOMOBILE,4725,4
1351,15484011,AUTOMOBILE,4545,4
1352,18932512,AUTOMOBILE,5107,4
1353,15210069,AUTOMOBILE,4551,4
1354,25047127,AUTOMOBILE,3119,3
1355,22452756,AUTOMOBILE,4647,4
1356,24592627,AUTOMOBILE,4344,4
1357,51508889,AUTOMOBILE,18407,14
1358,15180322,CHEF,7110,6
1359,24221960,CHEF,3362,3
1360,24673903,CHEF,1636,2
1361,19007667,CHEF,1241,1
1362,30311202,CHEF,5839,5
1363,11121498,CHEF,5739,5
1364,32518109,CHEF,1744,2
1365,26718039,CHEF,1245,1
1366,23568731,CHEF,7874,6
1367,14663897,CHEF,34301,26
1368,21904897,CHEF,2601,2
1369,23591247,CHEF,2009,2
1370,16594812,CHEF,1657,2
1371,19831366,CHEF,1610,2
1372,16804396,CHEF,4637,4
1373,92122785,CHEF,5055,4
1374,27831220,CHEF,4513,4
1375,13411858,CHEF,6910,6
1376,25924968,CHEF,5186,4
1377,34252537,CHEF,9172,7
1378,81373857,CHEF,2583,2
1379,92985983,CHEF,4306,4
1380,34452806,CHEF,5736,5
1381,21611637,CHEF,7321,6
1382,13095891,CHEF,6021,5
1383,12717345,CHEF,4454,4
1384,23841877,CHEF,4845,4
1385,23032276,CHEF,11095,9
1386,32605413,CHEF,5600,5
1387,65373280,CHEF,13652,11
1388,27909372,CHEF,4464,4
1389,47603843,CHEF,2043,2
1390,11444536,CHEF,4711,4
1391,25953797,CHEF,1065,1
1392,23185829,CHEF,4333,4
1393,21869994,CHEF,5206,4
1394,28424982,CHEF,4607,4
1395,47317494,CHEF,1006,1
1396,29784524,CHEF,5145,4
1397,10001727,CHEF,4559,4
1398,74522938,CHEF,7432,6
1399,91591026,CHEF,5452,5
1400,21511817,CHEF,5324,4
1401,35468363,CHEF,903,1
1402,37231163,CHEF,3144,3
1403,16924102,CHEF,3184,3
1404,28092317,CHEF,1942,2
1405,16855929,CHEF,4859,4
1406,29211359,CHEF,5323,4
1407,27820360,CHEF,5823,5
1408,48580330,CHEF,5148,4
1409,29072179,CHEF,5777,5
1410,94047639,CHEF,9865,8
1411,21622444,CHEF,4918,4
1412,33964275,CHEF,10529,8
1413,21101152,CHEF,7625,6
1414,25128608,CHEF,4358,4
1415,18825446,CHEF,7300,6
1416,61322296,CHEF,5760,5
1417,20817322,CHEF,4505,4
1418,29449419,CHEF,4811,4
1419,20321582,CHEF,5919,5
1420,19285236,CHEF,5512,5
1421,13264154,CHEF,5834,5
1422,47729453,CHEF,4449,4
1423,51554903,CHEF,5225,4
1424,14569498,CHEF,3274,3
1425,22561438,CHEF,1671,2
1426,12420359,CHEF,5013,4
1427,16248476,CHEF,1686,2
1428,10653119,CHEF,7518,6
1429,11209758,CHEF,5917,5
1430,86551046,CHEF,2258,2
1431,23807940,CHEF,6542,5
1432,29775391,CHEF,8839,7
1433,53265899,CHEF,5983,5
1434,38309905,CHEF,5072,4
1435,29772450,CHEF,3258,3
1436,21334981,CHEF,5370,4
1437,10276858,CHEF,4981,4
1438,10588874,CHEF,6120,5
1439,35157762,CHEF,4910,4
1440,91072502,CHEF,4755,4
1441,13212436,CHEF,6127,5
1442,15261348,CHEF,4463,4
1443,27662298,CHEF,5758,5
1444,16066857,CHEF,5875,5
1445,30337969,CHEF,5501,5
1446,10333299,CHEF,5253,4
1447,28396528,CHEF,8227,7
1448,19268120,CHEF,6765,6
1449,20691949,CHEF,2826,2
1450,26189601,CHEF,4678,4
1451,30826569,CHEF,5177,4
1452,91268638,CHEF,6087,5
1453,18036030,CHEF,4915,4
1454,36366044,CHEF,8187,7
1455,23398733,CHEF,1436,1
1456,29990140,CHEF,5890,5
1457,30128072,CHEF,1709,2
1458,28176889,CHEF,2772,2
1459,10889157,CHEF,6556,5
1460,19951766,CHEF,5125,4
1461,57262959,CHEF,5042,4
1462,20033302,CHEF,5184,4
1463,24709432,CHEF,4432,4
1464,62555739,CHEF,6667,5
1465,31547476,CHEF,4776,4
1466,18480859,CHEF,5250,4
1467,12254068,CHEF,6173,5
1468,11432686,CHEF,9942,8
1469,25452321,CHEF,6749,5
1470,28230807,CHEF,6128,5
1471,15354126,CHEF,4535,4
1472,12155206,CHEF,4321,4
1473,27298953,CHEF,6415,5
1474,68338341,CHEF,4775,4
1475,22349169,CHEF,4598,4
1476,11877150,FINANCE,3053,3
1477,86549455,FINANCE,2598,2
1478,26530575,FINANCE,9504,8
1479,23955183,FINANCE,5255,4
1480,24854026,FINANCE,3108,3
1481,48285304,FINANCE,3676,3
1482,14722634,FINANCE,6787,6
1483,27789372,FINANCE,1775,2
1484,26767199,FINANCE,5209,4
1485,15891494,FINANCE,6164,5
1486,78229715,FINANCE,5790,5
1487,22720697,FINANCE,4859,4
1488,70541112,FINANCE,7830,6
1489,20705888,FINANCE,4846,4
1490,28522529,FINANCE,5332,4
1491,19147603,FINANCE,4410,4
1492,11490673,FINANCE,4708,4
1493,84356308,FINANCE,9014,7
1494,91564103,FINANCE,5520,5
1495,22622351,FINANCE,4820,4
1496,61634281,FINANCE,3802,3
1497,24530382,FINANCE,6830,6
1498,27018361,FINANCE,4997,4
1499,92524964,FINANCE,5048,4
1500,19405513,FINANCE,4449,4
1501,17775916,FINANCE,6036,5
1502,18975686,FINANCE,5455,5
1503,28758002,FINANCE,5325,4
1504,59938965,FINANCE,2343,2
1505,28396458,FINANCE,7946,6
1506,27914096,FINANCE,5348,4
1507,57088974,FINANCE,5040,4
1508,26231609,FINANCE,5126,4
1509,20836112,FINANCE,3184,3
1510,28398216,FINANCE,4410,4
1511,26961846,FINANCE,6195,5
1512,37931076,FINANCE,2831,2
1513,16426777,FINANCE,7511,6
1514,26750846,FINANCE,4864,4
1515,28623782,FINANCE,7384,6
1516,81677620,FINANCE,9117,7
1517,14413148,FINANCE,5652,5
1518,76454959,FINANCE,4973,4
1519,11441764,FINANCE,5509,5
1520,24411323,FINANCE,2860,3
1521,33685988,FINANCE,4575,4
1522,62850928,FINANCE,5040,4
1523,34250007,FINANCE,5297,4
1524,74849878,FINANCE,1906,2
1525,25497147,FINANCE,4888,4
1526,31948488,FINANCE,4725,4
1527,18640927,FINANCE,6470,5
1528,77638654,FINANCE,5121,4
1529,38441665,FINANCE,4895,4
1530,18072085,FINANCE,6031,5
1531,14408510,FINANCE,4514,4
1532,12858898,FINANCE,5147,4
1533,24670867,FINANCE,8799,7
1534,29648950,FINANCE,4758,4
1535,27330027,FINANCE,4643,4
1536,17880988,FINANCE,7112,6
1537,15011085,FINANCE,19381,15
1538,20977412,FINANCE,6953,6
1539,26013403,FINANCE,5249,4
1540,84373843,FINANCE,4962,4
1541,21912637,FINANCE,5341,4
1542,14181049,FINANCE,8577,7
1543,29998869,FINANCE,6454,5
1544,18024825,FINANCE,4497,4
1545,28973180,FINANCE,8433,7
1546,23573064,FINANCE,5376,4
1547,10549585,FINANCE,5495,5
1548,23354541,FINANCE,1928,2
1549,29494962,FINANCE,4840,4
1550,81217013,FINANCE,7813,6
1551,39675895,FINANCE,5011,4
1552,12071138,FINANCE,10166,8
1553,25330083,FINANCE,5022,4
1554,69487178,FINANCE,4480,4
1555,86595128,FINANCE,4608,4
1556,74512244,FINANCE,5004,4
1557,25678238,FINANCE,6368,5
1558,38907798,FINANCE,4957,4
1559,58165257,FINANCE,5397,4
1560,93653247,FINANCE,6687,6
1561,29612672,FINANCE,5390,4
1562,66741193,FINANCE,6565,5
1563,24553863,FINANCE,5542,5
1564,16449850,FINANCE,4659,4
1565,47410104,FINANCE,4539,4
1566,38225199,FINANCE,5770,5
1567,14106638,FINANCE,7899,6
1568,19243556,FINANCE,5296,4
1569,20880935,FINANCE,5059,4
1570,95519832,FINANCE,2534,2
1571,39295103,FINANCE,4724,4
1572,25101183,FINANCE,6899,6
1573,88038965,FINANCE,5553,5
1574,17392859,FINANCE,6223,5
1575,20969845,FINANCE,3431,3
1576,20275356,FINANCE,4584,4
1577,59818742,FINANCE,5901,5
1578,72136463,FINANCE,7275,6
1579,98513424,FINANCE,6585,5
1580,15717923,FINANCE,4957,4
1581,24833063,FINANCE,10298,8
1582,15792052,FINANCE,5045,4
1583,59450123,FINANCE,5986,5
1584,24611721,FINANCE,4580,4
1585,15224503,FINANCE,5379,4
1586,27409087,FINANCE,9277,7
1587,20918464,FINANCE,5775,5
1588,19540089,FINANCE,7862,6
1589,28724469,FINANCE,6527,5
1590,18636651,FINANCE,6607,5
1591,59777056,FINANCE,4770,4
1592,22492537,FINANCE,5667,5
1593,24967652,FINANCE,8435,7
1594,24533931,APPAREL,1581,2
1595,21807211,APPAREL,5551,5
1596,71767359,APPAREL,8429,7
1597,27694040,APPAREL,1911,2
1598,15535408,APPAREL,4968,4
1599,13386301,APPAREL,6206,5
1600,27091280,APPAREL,7482,6
1601,14413257,APPAREL,5221,4
1602,11677077,APPAREL,7330,6
1603,29521434,APPAREL,1960,2
1604,50324968,APPAREL,2576,2
1605,13764840,APPAREL,2030,2
1606,19070271,APPAREL,5637,5
1607,56151548,APPAREL,4523,4
1608,16391949,APPAREL,4697,4
1609,13418452,APPAREL,7199,6
1610,27099856,APPAREL,6331,5
1611,26046878,APPAREL,4527,4
1612,35121930,APPAREL,5070,4
1613,10182582,APPAREL,2168,2
1614,12669075,APPAREL,4543,4
1615,16915389,APPAREL,2264,2
1616,12668625,APPAREL,5083,4
1617,14698557,APPAREL,4601,4
1618,27549075,APPAREL,4479,4
1619,31225895,APPAREL,4746,4
1620,15479281,APPAREL,4660,4
1621,26691587,APPAREL,5127,4
1622,11232471,APPAREL,1841,2
1623,21007083,APPAREL,1673,2
1624,20905088,APPAREL,7297,6
1625,16723524,APPAREL,5678,5
1626,14937492,APPAREL,6158,5
1627,72807293,APPAREL,4717,4
1628,30344127,APPAREL,6304,5
1629,23719943,APPAREL,5029,4
1630,58208591,APPAREL,11504,9
1631,15154822,APPAREL,4640,4
1632,46514339,APPAREL,5331,4
1633,11409460,APPAREL,2897,3
1634,99806115,APPAREL,6042,5
1635,29640922,APPAREL,6829,6
1636,12860543,APPAREL,5862,5
1637,29764492,APPAREL,10328,8
1638,91533580,APPAREL,4699,4
1639,13807808,APPAREL,2133,2
1640,16605640,APPAREL,5858,5
1641,17714174,APPAREL,12047,10
1642,28998957,APPAREL,5982,5
1643,71499299,APPAREL,4514,4
1644,30430249,APPAREL,5627,5
1645,10876132,APPAREL,5240,4
1646,18509268,APPAREL,4556,4
1647,35571205,APPAREL,7448,6
1648,23190306,APPAREL,4611,4
1649,29028935,APPAREL,6346,5
1650,12059610,APPAREL,6198,5
1651,26829561,APPAREL,3043,3
1652,78273826,APPAREL,7582,6
1653,27176039,APPAREL,5372,4
1654,22249155,APPAREL,4365,4
1655,25142074,APPAREL,2805,2
1656,19402977,APPAREL,2411,2
1657,13858219,APPAREL,1845,2
1658,15746146,APPAREL,7165,6
1659,17659053,APPAREL,6418,5
1660,26586477,APPAREL,4549,4
1661,37750854,APPAREL,5570,5
1662,33665485,APPAREL,4577,4
1663,26098594,APPAREL,5095,4
1664,91026230,APPAREL,5652,5
1665,16985289,APPAREL,5170,4
1666,54308684,APPAREL,7048,6
1667,10562768,APPAREL,5899,5
1668,41586420,APPAREL,6893,6
1669,21570485,APPAREL,5858,5
1670,12122372,APPAREL,2483,2
1671,14304010,APPAREL,4649,4
1672,36136569,APPAREL,6276,5
1673,35603950,APPAREL,6302,5
1674,52252936,APPAREL,5256,4
1675,70750649,APPAREL,8129,7
1676,43852883,APPAREL,5788,5
1677,31761591,APPAREL,5806,5
1678,31362807,APPAREL,5058,4
1679,24516163,APPAREL,4446,4
1680,20504094,APPAREL,6675,5
1681,24989856,APPAREL,4439,4
1682,16500168,APPAREL,5187,4
1683,35985133,APPAREL,7631,6
1684,22852364,APPAREL,5697,5
1685,83566455,APPAREL,4590,4
1686,10738095,APPAREL,7385,6
1687,36094883,APPAREL,4359,4
1688,19714635,APPAREL,10324,8
1689,56025640,APPAREL,6122,5
1690,25543217,APPAREL,5333,4
1691,14206561,ENGINEERING,3256,3
1692,15139979,ENGINEERING,11990,10
1693,44624796,ENGINEERING,3290,3
1694,54227873,ENGINEERING,5630,5
1695,28005884,ENGINEERING,4419,4
1696,82246962,ENGINEERING,7096,6
1697,13149176,ENGINEERING,6324,5
1698,12022566,ENGINEERING,5161,4
1699,20981299,ENGINEERING,5102,4
1700,25919149,ENGINEERING,4580,4
1701,86828820,ENGINEERING,4969,4
1702,28320387,ENGINEERING,4746,4
1703,27756469,ENGINEERING,5209,4
1704,14049846,ENGINEERING,5521,5
1705,43752620,ENGINEERING,6553,5
1706,74236636,ENGINEERING,5101,4
1707,47549345,ENGINEERING,3598,3
1708,28505854,ENGINEERING,7510,6
1709,38535335,ENGINEERING,1293,1
1710,25608963,ENGINEERING,5931,5
1711,24647794,ENGINEERING,4598,4
1712,16803215,ENGINEERING,4555,4
1713,37335325,ENGINEERING,8505,7
1714,81125166,ENGINEERING,8798,7
1715,32081266,ENGINEERING,9864,8
1716,25797445,ENGINEERING,4518,4
1717,28831378,ENGINEERING,5162,4
1718,50328713,ENGINEERING,7777,6
1719,27040860,ENGINEERING,2945,3
1720,21807224,ENGINEERING,2513,2
1721,17926546,ENGINEERING,5849,5
1722,20882041,ENGINEERING,5714,5
1723,56691064,ENGINEERING,5502,5
1724,64755882,ENGINEERING,4255,4
1725,30097175,ENGINEERING,4462,4
1726,28628090,ENGINEERING,11098,9
1727,19612167,ENGINEERING,3010,3
1728,21298336,ENGINEERING,1095,1
1729,25930778,ENGINEERING,1872,2
1730,31684925,ENGINEERING,5716,5
1731,39855211,ENGINEERING,7086,6
1732,12518008,ENGINEERING,6580,5
1733,20566550,ENGINEERING,6767,6
1734,55953734,ENGINEERING,4781,4
1735,23234047,ENGINEERING,5267,4
1736,38314236,ENGINEERING,3178,3
1737,25425322,ENGINEERING,7130,6
1738,55595908,ENGINEERING,6033,5
1739,28631840,ENGINEERING,4731,4
1740,23438227,ENGINEERING,5463,5
1741,35737840,ENGINEERING,5161,4
1742,90280583,ENGINEERING,5882,5
1743,51588273,ENGINEERING,2658,2
1744,15601399,ENGINEERING,1970,2
1745,64468610,ENGINEERING,5630,5
1746,28078163,ENGINEERING,5722,5
1747,31677347,ENGINEERING,5960,5
1748,28762662,ENGINEERING,6354,5
1749,15858254,ENGINEERING,4694,4
1750,16911115,ENGINEERING,4772,4
1751,27152464,ENGINEERING,5368,4
1752,35651876,ENGINEERING,14369,12
1753,19124258,ENGINEERING,4675,4
1754,24322804,ENGINEERING,5031,4
1755,12488356,ENGINEERING,6568,5
1756,26834746,ENGINEERING,6994,6
1757,32985311,ENGINEERING,2768,2
1758,39835894,ENGINEERING,5308,4
1759,21847415,ENGINEERING,5757,5
1760,30288581,ENGINEERING,3237,3
1761,36149549,ENGINEERING,4405,4
1762,17103000,ENGINEERING,5191,4
1763,12011623,ENGINEERING,6427,5
1764,12748557,ENGINEERING,5134,4
1765,28923650,ENGINEERING,5220,4
1766,30542184,ENGINEERING,8335,7
1767,19396040,ENGINEERING,4724,4
1768,35389360,ENGINEERING,9392,8
1769,36517781,ENGINEERING,5984,5
1770,15941675,ENGINEERING,4764,4
1771,19397727,ENGINEERING,4514,4
1772,47919212,ENGINEERING,5167,4
1773,10712803,ENGINEERING,8791,7
1774,14554542,ENGINEERING,10843,9
1775,22605864,ENGINEERING,6816,5
1776,49127329,ENGINEERING,8063,6
1777,10219099,ENGINEERING,7341,6
1778,82125182,ENGINEERING,3950,3
1779,22890839,ENGINEERING,5441,4
1780,17108676,ENGINEERING,5173,4
1781,17488801,ENGINEERING,4706,4
1782,23497307,ENGINEERING,6309,5
1783,19553067,ENGINEERING,4616,4
1784,11981094,ENGINEERING,5284,4
1785,17043822,ENGINEERING,6266,5
1786,21038022,ENGINEERING,7792,6
1787,60004873,ENGINEERING,2742,2
1788,38220146,ENGINEERING,4628,4
1789,47276718,ENGINEERING,7521,6
1790,28630325,ENGINEERING,2524,2
1791,13264796,ENGINEERING,17439,14
1792,96029688,ENGINEERING,7206,6
1793,32802563,ENGINEERING,5473,5
1794,18753367,ENGINEERING,7572,6
1795,26456899,ENGINEERING,4358,4
1796,10985403,ENGINEERING,4378,4
1797,10030015,ENGINEERING,2535,2
1798,86209934,ENGINEERING,6591,5
1799,11890896,ENGINEERING,5256,4
1800,10624813,ENGINEERING,6106,5
1801,61579998,ENGINEERING,4979,4
1802,62071407,ENGINEERING,5346,4
1803,12472574,ENGINEERING,17037,13
1804,31694970,ENGINEERING,7628,6
1805,33685075,ENGINEERING,6376,5
1806,77828437,ENGINEERING,5611,5
1807,35172961,ENGINEERING,5069,4
1808,21629057,ENGINEERING,7189,6
1809,15906625,ACCOUNTANT,5369,4
1810,30361788,ACCOUNTANT,2077,2
1811,21031285,ACCOUNTANT,5392,4
1812,25749150,ACCOUNTANT,5960,5
1813,12338274,ACCOUNTANT,5562,5
1814,33527446,ACCOUNTANT,5692,5
1815,12442909,ACCOUNTANT,4629,4
1816,37997506,ACCOUNTANT,7546,6
1817,37370455,ACCOUNTANT,5165,4
1818,10554236,ACCOUNTANT,23325,18
1819,31602598,ACCOUNTANT,4780,4
1820,19545827,ACCOUNTANT,6314,5
1821,14470533,ACCOUNTANT,5976,5
1822,43685045,ACCOUNTANT,4713,4
1823,18365791,ACCOUNTANT,1475,1
1824,14224370,ACCOUNTANT,2895,3
1825,21794875,ACCOUNTANT,5631,5
1826,23734441,ACCOUNTANT,5882,5
1827,39115899,ACCOUNTANT,4583,4
1828,23139819,ACCOUNTANT,6396,5
1829,42487883,ACCOUNTANT,4658,4
1830,23636277,ACCOUNTANT,5999,5
1831,21338490,ACCOUNTANT,4736,4
1832,14491649,ACCOUNTANT,5202,4
1833,17407184,ACCOUNTANT,4944,4
1834,30813919,ACCOUNTANT,5960,5
1835,78403342,ACCOUNTANT,5993,5
1836,20393721,ACCOUNTANT,5188,4
1837,24817041,ACCOUNTANT,1708,2
1838,27980446,ACCOUNTANT,5053,4
1839,25462793,ACCOUNTANT,3274,3
1840,29456173,ACCOUNTANT,4874,4
1841,59403481,ACCOUNTANT,5327,4
1842,13491889,ACCOUNTANT,4706,4
1843,25846894,ACCOUNTANT,5709,5
1844,53640713,ACCOUNTANT,11117,9
1845,11163645,ACCOUNTANT,4498,4
1846,23513618,ACCOUNTANT,5460,5
1847,75286906,ACCOUNTANT,5525,5
1848,20253563,ACCOUNTANT,4683,4
1849,16237710,ACCOUNTANT,5509,5
1850,13294301,ACCOUNTANT,4479,4
1851,13130984,ACCOUNTANT,3820,3
1852,25127518,ACCOUNTANT,3249,3
1853,24799301,ACCOUNTANT,936,1
1854,25067742,ACCOUNTANT,2455,2
1855,15821633,ACCOUNTANT,6118,5
1856,15363277,ACCOUNTANT,6452,5
1857,18132924,ACCOUNTANT,5987,5
1858,63137898,ACCOUNTANT,4949,4
1859,21763056,ACCOUNTANT,5331,4
1860,20624984,ACCOUNTANT,4571,4
1861,25935030,ACCOUNTANT,5322,4
1862,17556527,ACCOUNTANT,7743,6
1863,28939941,ACCOUNTANT,6437,5
1864,28359817,ACCOUNTANT,5593,5
1865,20345168,ACCOUNTANT,3346,3
1866,14496667,ACCOUNTANT,4876,4
1867,25862026,ACCOUNTANT,5549,5
1868,23246831,ACCOUNTANT,5321,4
1869,49204385,ACCOUNTANT,11037,9
1870,12802330,ACCOUNTANT,6180,5
1871,22925443,ACCOUNTANT,4910,4
1872,28614791,ACCOUNTANT,5423,5
1873,30304575,ACCOUNTANT,7508,6
1874,26065877,ACCOUNTANT,4758,4
1875,29821051,ACCOUNTANT,7788,6
1876,29999135,ACCOUNTANT,9954,8
1877,21853199,ACCOUNTANT,5234,4
1878,39674178,ACCOUNTANT,5101,4
1879,14449423,ACCOUNTANT,7178,6
1880,25547145,ACCOUNTANT,6720,6
1881,14055988,ACCOUNTANT,4495,4
1882,27637576,ACCOUNTANT,8342,7
1883,49997097,ACCOUNTANT,4835,4
1884,27558837,ACCOUNTANT,4544,4
1885,14126433,ACCOUNTANT,5917,5
1886,34198885,ACCOUNTANT,4865,4
1887,62809577,ACCOUNTANT,3513,3
1888,12065211,ACCOUNTANT,5334,4
1889,23416654,ACCOUNTANT,4971,4
1890,38847011,ACCOUNTANT,6183,5
1891,27573855,ACCOUNTANT,6391,5
1892,15592167,ACCOUNTANT,4665,4
1893,20082776,ACCOUNTANT,4568,4
1894,10674770,ACCOUNTANT,7149,6
1895,24294778,ACCOUNTANT,8620,7
1896,11759079,ACCOUNTANT,5611,5
1897,18669563,ACCOUNTANT,4124,3
1898,18569929,ACCOUNTANT,3902,3
1899,80053367,ACCOUNTANT,4358,4
1900,87635012,ACCOUNTANT,5229,4
1901,24703009,ACCOUNTANT,5664,5
1902,25867805,ACCOUNTANT,4410,4
1903,35554162,ACCOUNTANT,4927,4
1904,13701259,ACCOUNTANT,6326,5
1905,12202337,ACCOUNTANT,4990,4
1906,19446337,ACCOUNTANT,5481,5
1907,15289348,ACCOUNTANT,7732,6
1908,28969385,ACCOUNTANT,5461,5
1909,36425270,ACCOUNTANT,4560,4
1910,78257294,ACCOUNTANT,7975,6
1911,23438112,ACCOUNTANT,4518,4
1912,98559931,ACCOUNTANT,5259,4
1913,17306905,ACCOUNTANT,12276,10
1914,12780508,ACCOUNTANT,7132,6
1915,26975573,ACCOUNTANT,8227,7
1916,28298773,ACCOUNTANT,4532,4
1917,29050809,ACCOUNTANT,8464,7
1918,34816637,ACCOUNTANT,4835,4
1919,22465498,ACCOUNTANT,7309,6
1920,24103168,ACCOUNTANT,4721,4
1921,36024962,ACCOUNTANT,1717,2
1922,18635654,ACCOUNTANT,3122,3
1923,50222417,ACCOUNTANT,8209,7
1924,23387174,ACCOUNTANT,5606,5
1925,13072019,ACCOUNTANT,5781,5
1926,82649935,ACCOUNTANT,4717,4
1927,99433371,CONSTRUCTION,1447,1
1928,10734870,CONSTRUCTION,4651,4
1929,18472240,CONSTRUCTION,1339,1
1930,71576860,CONSTRUCTION,4890,4
1931,29087505,CONSTRUCTION,4769,4
1932,22965804,CONSTRUCTION,627,1
1933,33141415,CONSTRUCTION,3111,3
1934,26509539,CONSTRUCTION,6550,5
1935,36331163,CONSTRUCTION,2774,2
1936,25656981,CONSTRUCTION,4727,4
1937,26091595,CONSTRUCTION,5261,4
1938,11393213,CONSTRUCTION,5087,4
1939,14900898,CONSTRUCTION,3543,3
1940,25098739,CONSTRUCTION,1428,1
1941,78114950,CONSTRUCTION,10722,9
1942,35971546,CONSTRUCTION,6887,6
1943,22019500,CONSTRUCTION,8180,7
1944,12839152,CONSTRUCTION,7232,6
1945,16353584,CONSTRUCTION,4844,4
1946,29878348,CONSTRUCTION,1812,2
1947,28815362,CONSTRUCTION,6856,6
1948,15564893,CONSTRUCTION,4922,4
1949,12491898,CONSTRUCTION,16489,13
1950,29574501,CONSTRUCTION,3952,3
1951,32799518,CONSTRUCTION,11124,9
1952,28942221,CONSTRUCTION,4795,4
1953,10176013,CONSTRUCTION,8741,7
1954,16378091,CONSTRUCTION,2521,2
1955,16203589,CONSTRUCTION,6459,5
1956,63145386,CONSTRUCTION,5213,4
1957,13907230,CONSTRUCTION,1848,2
1958,21586858,CONSTRUCTION,6411,5
1959,61065616,CONSTRUCTION,4632,4
1960,19471144,CONSTRUCTION,6641,5
1961,17342969,CONSTRUCTION,19993,15
1962,10041713,CONSTRUCTION,6429,5
1963,24770846,CONSTRUCTION,3227,3
1964,24740005,CONSTRUCTION,7303,6
1965,14585273,CONSTRUCTION,5114,4
1966,28756444,CONSTRUCTION,7475,6
1967,10281555,CONSTRUCTION,5092,4
1968,48549972,CONSTRUCTION,3755,3
1969,17252448,CONSTRUCTION,4883,4
1970,15721849,CONSTRUCTION,7802,6
1971,56525735,CONSTRUCTION,6369,5
1972,51638201,CONSTRUCTION,4730,4
1973,94503308,CONSTRUCTION,4572,4
1974,27835351,CONSTRUCTION,5910,5
1975,38946032,CONSTRUCTION,5596,5
1976,39674782,CONSTRUCTION,4773,4
1977,29193505,CONSTRUCTION,5500,5
1978,12890045,CONSTRUCTION,4479,4
1979,29894080,CONSTRUCTION,8231,7
1980,32025286,CONSTRUCTION,6666,5
1981,21567392,CONSTRUCTION,7422,6
1982,32265203,CONSTRUCTION,4849,4
1983,27246366,CONSTRUCTION,5335,4
1984,27066370,CONSTRUCTION,3055,3
1985,21363048,CONSTRUCTION,7087,6
1986,21782152,CONSTRUCTION,4869,4
1987,16626724,CONSTRUCTION,3413,3
1988,25224998,CONSTRUCTION,4550,4
1989,28803888,CONSTRUCTION,5444,4
1990,25187733,CONSTRUCTION,11522,9
1991,88859947,CONSTRUCTION,5661,5
1992,17570634,CONSTRUCTION,5826,5
1993,10149490,CONSTRUCTION,8884,7
1994,19364677,CONSTRUCTION,5829,5
1995,22983516,CONSTRUCTION,6967,6
1996,31850269,CONSTRUCTION,4657,4
1997,27243670,CONSTRUCTION,9226,7
1998,44147689,CONSTRUCTION,3151,3
1999,12654876,CONSTRUCTION,6248,5
2000,49685006,CONSTRUCTION,9259,7
2001,12212468,CONSTRUCTION,7913,6
2002,29483501,CONSTRUCTION,5492,5
2003,69764348,CONSTRUCTION,10074,8
2004,18882984,CONSTRUCTION,5511,5
2005,45475027,CONSTRUCTION,8170,7
2006,34544955,CONSTRUCTION,5683,5
2007,93436805,CONSTRUCTION,4798,4
2008,39908485,CONSTRUCTION,27530,22
2009,39566718,CONSTRUCTION,7438,6
2010,12666174,CONSTRUCTION,7369,6
2011,20565849,CONSTRUCTION,3016,3
2012,12693146,CONSTRUCTION,7641,6
2013,14849103,CONSTRUCTION,5626,5
2014,10100240,CONSTRUCTION,5586,5
2015,22894544,CONSTRUCTION,4549,4
2016,19928941,CONSTRUCTION,1662,2
2017,39027764,CONSTRUCTION,6050,5
2018,23818675,CONSTRUCTION,7404,6
2019,24953126,CONSTRUCTION,6709,5
2020,22718826,CONSTRUCTION,4954,4
2021,24361598,CONSTRUCTION,6806,6
2022,20681037,CONSTRUCTION,1594,2
2023,16924279,CONSTRUCTION,4925,4
2024,30311725,CONSTRUCTION,5133,4
2025,29061628,CONSTRUCTION,2388,2
2026,33023370,CONSTRUCTION,5262,4
2027,32773331,CONSTRUCTION,6061,5
2028,10820510,CONSTRUCTION,2200,2
2029,28949406,CONSTRUCTION,5562,5
2030,12826414,CONSTRUCTION,9406,8
2031,63083944,CONSTRUCTION,6303,5
2032,22546476,CONSTRUCTION,4513,4
2033,90032884,CONSTRUCTION,4689,4
2034,27187994,CONSTRUCTION,1149,1
2035,30397268,CONSTRUCTION,10064,8
2036,78298706,CONSTRUCTION,5151,4
2037,11650031,CONSTRUCTION,2040,2
2038,12695537,CONSTRUCTION,5425,5
2039,31392754,PUBLIC-RELATIONS,6016,5
2040,23143731,PUBLIC-RELATIONS,4842,4
2041,26130673,PUBLIC-RELATIONS,3428,3
2042,25070914,PUBLIC-RELATIONS,7129,6
2043,37913536,PUBLIC-RELATIONS,5255,4
2044,14278888,PUBLIC-RELATIONS,5381,4
2045,28831442,PUBLIC-RELATIONS,7352,6
2046,98086373,PUBLIC-RELATIONS,5123,4
2047,23673025,PUBLIC-RELATIONS,7553,6
2048,10070224,PUBLIC-RELATIONS,6647,5
2049,28290448,PUBLIC-RELATIONS,8189,7
2050,24559558,PUBLIC-RELATIONS,5210,4
2051,28862054,PUBLIC-RELATIONS,7824,6
2052,14536764,PUBLIC-RELATIONS,4754,4
2053,37087371,PUBLIC-RELATIONS,4769,4
2054,12191094,PUBLIC-RELATIONS,5477,5
2055,12920612,PUBLIC-RELATIONS,5876,5
2056,14009087,PUBLIC-RELATIONS,5968,5
2057,91197243,PUBLIC-RELATIONS,5773,5
2058,12545844,PUBLIC-RELATIONS,2383,2
2059,31292364,PUBLIC-RELATIONS,5783,5
2060,11902276,PUBLIC-RELATIONS,5430,5
2061,18436190,PUBLIC-RELATIONS,4681,4
2062,23771896,PUBLIC-RELATIONS,4993,4
2063,25413261,PUBLIC-RELATIONS,10833,9
2064,49119887,PUBLIC-RELATIONS,4151,4
2065,27000192,PUBLIC-RELATIONS,7375,6
2066,27257013,PUBLIC-RELATIONS,9042,7
2067,45900271,PUBLIC-RELATIONS,5071,4
2068,22560013,PUBLIC-RELATIONS,5512,5
2069,24977396,PUBLIC-RELATIONS,6022,5
2070,14364597,PUBLIC-RELATIONS,4530,4
2071,59346975,PUBLIC-RELATIONS,5727,5
2072,11850315,PUBLIC-RELATIONS,6799,6
2073,24710433,PUBLIC-RELATIONS,9591,8
2074,21297828,PUBLIC-RELATIONS,1791,2
2075,26330995,PUBLIC-RELATIONS,5891,5
2076,30642458,PUBLIC-RELATIONS,5279,4
2077,19503224,PUBLIC-RELATIONS,7650,6
2078,36107065,PUBLIC-RELATIONS,10103,8
2079,10554045,PUBLIC-RELATIONS,6520,5
2080,29525715,PUBLIC-RELATIONS,8014,6
2081,15917885,PUBLIC-RELATIONS,2786,2
2082,12567516,PUBLIC-RELATIONS,4780,4
2083,21478007,PUBLIC-RELATIONS,4766,4
2084,24590489,PUBLIC-RELATIONS,7212,6
2085,14667659,PUBLIC-RELATIONS,4508,4
2086,19929506,PUBLIC-RELATIONS,4567,4
2087,31220062,PUBLIC-RELATIONS,10180,8
2088,26173524,PUBLIC-RELATIONS,4841,4
2089,85973397,PUBLIC-RELATIONS,4480,4
2090,18133495,PUBLIC-RELATIONS,9035,7
2091,14128006,PUBLIC-RELATIONS,4430,4
2092,16620172,PUBLIC-RELATIONS,5904,5
2093,25001005,PUBLIC-RELATIONS,5277,4
2094,19497420,PUBLIC-RELATIONS,8841,7
2095,37375999,PUBLIC-RELATIONS,5255,4
2096,11160414,PUBLIC-RELATIONS,6154,5
2097,85766635,PUBLIC-RELATIONS,5055,4
2098,16226743,PUBLIC-RELATIONS,9229,7
2099,61319162,PUBLIC-RELATIONS,7090,6
2100,38056161,PUBLIC-RELATIONS,4940,4
2101,65237556,PUBLIC-RELATIONS,5962,5
2102,75329822,PUBLIC-RELATIONS,5226,4
2103,11624880,PUBLIC-RELATIONS,5554,5
2104,31211074,PUBLIC-RELATIONS,4574,4
2105,21669215,PUBLIC-RELATIONS,3494,3
2106,19558834,PUBLIC-RELATIONS,4394,4
2107,53701275,PUBLIC-RELATIONS,5562,5
2108,22455205,PUBLIC-RELATIONS,4520,4
2109,20966771,PUBLIC-RELATIONS,4667,4
2110,19072267,PUBLIC-RELATIONS,18183,14
2111,21321598,PUBLIC-RELATIONS,3365,3
2112,11842274,PUBLIC-RELATIONS,33818,26
2113,21549195,PUBLIC-RELATIONS,5762,5
2114,36671891,PUBLIC-RELATIONS,9424,8
2115,51415089,PUBLIC-RELATIONS,5912,5
2116,28531493,PUBLIC-RELATIONS,7700,6
2117,16103783,PUBLIC-RELATIONS,5434,5
2118,11635137,PUBLIC-RELATIONS,4739,4
2119,13129275,PUBLIC-RELATIONS,4863,4
2120,20470943,PUBLIC-RELATIONS,5514,5
2121,23015611,PUBLIC-RELATIONS,5832,5
2122,34712719,PUBLIC-RELATIONS,5055,4
2123,14910300,PUBLIC-RELATIONS,4795,4
2124,21386255,PUBLIC-RELATIONS,4845,4
2125,88651471,PUBLIC-RELATIONS,5572,5
2126,22861181,PUBLIC-RELATIONS,4402,4
2127,45462344,PUBLIC-RELATIONS,5617,5
2128,24677466,PUBLIC-RELATIONS,5426,5
2129,23602130,PUBLIC-RELATIONS,2402,2
2130,13915715,PUBLIC-RELATIONS,3750,3
2131,13727873,PUBLIC-RELATIONS,9260,7
2132,93828034,PUBLIC-RELATIONS,4955,4
2133,24491862,PUBLIC-RELATIONS,4533,4
2134,29329075,PUBLIC-RELATIONS,5208,4
2135,33072201,PUBLIC-RELATIONS,13954,11
2136,23631724,PUBLIC-RELATIONS,5246,4
2137,14611516,PUBLIC-RELATIONS,6953,6
2138,32441790,PUBLIC-RELATIONS,3728,3
2139,12237267,PUBLIC-RELATIONS,5259,4
2140,42332765,PUBLIC-RELATIONS,3952,3
2141,26127853,PUBLIC-RELATIONS,8480,7
2142,10926726,PUBLIC-RELATIONS,5282,4
2143,14966165,PUBLIC-RELATIONS,6775,6
2144,22754014,PUBLIC-RELATIONS,5053,4
2145,28975482,PUBLIC-RELATIONS,5355,4
2146,21663616,PUBLIC-RELATIONS,6099,5
2147,10873344,PUBLIC-RELATIONS,5559,5
2148,41590605,PUBLIC-RELATIONS,8953,7
2149,23048999,PUBLIC-RELATIONS,4556,4
2150,74552449,BANKING,2853,3
2151,79041971,BANKING,1506,1
2152,77156708,BANKING,6417,5
2153,24580361,BANKING,1765,2
2154,34953092,BANKING,2756,2
2155,17189156,BANKING,5406,4
2156,19920687,BANKING,5027,4
2157,26579709,BANKING,4878,4
2158,29093426,BANKING,7899,6
2159,33286293,BANKING,3867,3
2160,29552167,BANKING,4363,4
2161,69243180,BANKING,4369,4
2162,26987539,BANKING,7006,6
2163,17276884,BANKING,5929,5
2164,22615491,BANKING,1395,1
2165,45167858,BANKING,2772,2
2166,13982572,BANKING,4389,4
2167,3547447,BANKING,4714,4
2168,98965485,BANKING,4831,4
2169,38897568,BANKING,5111,4
2170,12021752,BANKING,4557,4
2171,19149865,BANKING,8358,7
2172,29839396,BANKING,4828,4
2173,15856762,BANKING,8433,7
2174,18208580,BANKING,5689,5
2175,17396388,BANKING,5238,4
2176,28419927,BANKING,4665,4
2177,87867370,BANKING,8686,7
2178,27120528,BANKING,5426,4
2179,70667011,BANKING,5930,5
2180,36302399,BANKING,6645,6
2181,89049979,BANKING,7885,6
2182,43375498,BANKING,6615,5
2183,30713796,BANKING,5014,4
2184,18805506,BANKING,4681,4
2185,39247950,BANKING,4829,4
2186,30127072,BANKING,4721,4
2187,11065180,BANKING,4514,4
2188,11637468,BANKING,4891,4
2189,54421668,BANKING,10872,9
2190,13393401,BANKING,4956,4
2191,71422121,BANKING,9040,7
2192,18457785,BANKING,7210,6
2193,21856577,BANKING,7775,6
2194,21645690,BANKING,4735,4
2195,25780596,BANKING,6843,6
2196,34185495,BANKING,5098,4
2197,35483925,BANKING,4696,4
2198,19374660,BANKING,4136,3
2199,34758680,BANKING,4365,4
2200,21297521,BANKING,14507,12
2201,23323001,BANKING,5941,5
2202,25080805,BANKING,6545,5
2203,27606527,BANKING,9527,8
2204,33872500,BANKING,6368,5
2205,18172739,BANKING,3011,3
2206,32980197,BANKING,5178,4
2207,11672279,BANKING,5922,5
2208,33135102,BANKING,4499,4
2209,20850529,BANKING,5790,5
2210,34783330,BANKING,6317,5
2211,33370664,BANKING,6203,5
2212,17823436,BANKING,7152,6
2213,15553584,BANKING,2578,2
2214,39569771,BANKING,4956,4
2215,11842348,BANKING,4487,4
2216,36905896,BANKING,6162,5
2217,13173522,BANKING,6457,5
2218,25624652,BANKING,4809,4
2219,11262933,BANKING,6079,5
2220,10909673,BANKING,5142,4
2221,98348532,BANKING,7284,6
2222,19176318,BANKING,11004,9
2223,17818707,BANKING,5762,5
2224,17213671,BANKING,4768,4
2225,31025785,BANKING,4546,4
2226,60489316,BANKING,6678,5
2227,60182829,BANKING,6018,5
2228,21796843,BANKING,9136,7
2229,65864767,BANKING,5172,4
2230,11773925,BANKING,5289,4
2231,26673507,BANKING,4593,4
2232,72876163,BANKING,6105,5
2233,18824120,BANKING,4493,4
2234,27884470,BANKING,6692,5
2235,64589506,BANKING,4770,4
2236,29406313,BANKING,7833,6
2237,16300459,BANKING,4514,4
2238,20992320,BANKING,3215,3
2239,73157997,BANKING,5892,5
2240,28895997,BANKING,1867,2
2241,28051330,BANKING,4817,4
2242,25162378,BANKING,5281,4
2243,99124477,BANKING,10556,8
2244,17131084,BANKING,4959,4
2245,19437318,BANKING,2715,2
2246,35564026,BANKING,4688,4
2247,16407619,BANKING,4739,4
2248,10329506,BANKING,4323,4
2249,19911786,BANKING,5780,5
2250,96493528,BANKING,7634,6
2251,35492909,BANKING,4861,4
2252,25200253,BANKING,6770,5
2253,68781345,BANKING,7385,6
2254,14391434,BANKING,6130,5
2255,14626780,BANKING,5308,4
2256,28989677,BANKING,5549,5
2257,41651672,BANKING,3194,3
2258,18645964,BANKING,4510,4
2259,18278509,BANKING,2156,2
2260,18369400,BANKING,4214,4
2261,11266906,BANKING,6138,5
2262,31710562,BANKING,6119,5
2263,39142536,BANKING,4825,4
2264,21756639,BANKING,4676,4
2265,31273413,ARTS,4423,4
2266,12386670,ARTS,6212,5
2267,93576192,ARTS,3052,3
2268,15306049,ARTS,1622,2
2269,31114531,ARTS,6624,5
2270,21060367,ARTS,5105,4
2271,17325147,ARTS,4518,4
2272,23752500,ARTS,6942,6
2273,20149476,ARTS,4411,4
2274,54100393,ARTS,3194,3
2275,11187796,ARTS,1682,2
2276,39470264,ARTS,8113,7
2277,12413512,ARTS,6141,5
2278,14879257,ARTS,4615,4
2279,46055835,ARTS,4480,4
2280,33344933,ARTS,6249,5
2281,24983760,ARTS,4859,4
2282,29148871,ARTS,9360,8
2283,28325193,ARTS,4666,4
2284,15265464,ARTS,4188,4
2285,24349611,ARTS,8963,7
2286,19508520,ARTS,5630,5
2287,22800977,ARTS,6233,5
2288,36758947,ARTS,6960,6
2289,11555549,ARTS,4498,4
2290,32318506,ARTS,2755,2
2291,73497035,ARTS,4575,4
2292,12777487,ARTS,5101,4
2293,36379931,ARTS,5200,4
2294,26069113,ARTS,4535,4
2295,41950126,ARTS,6187,5
2296,20488267,ARTS,3153,3
2297,22593054,ARTS,3310,3
2298,25561640,ARTS,4859,4
2299,43622023,ARTS,4670,4
2300,18319061,ARTS,4749,4
2301,25923361,ARTS,6907,6
2302,18106533,ARTS,8382,7
2303,50432401,ARTS,4614,4
2304,19724031,ARTS,7597,6
2305,28471099,ARTS,7752,6
2306,22848179,ARTS,4472,4
2307,37220856,ARTS,6133,5
2308,78107631,ARTS,6742,5
2309,21867728,ARTS,5891,5
2310,37472265,ARTS,5139,4
2311,17033567,ARTS,1521,1
2312,19671909,ARTS,7744,6
2313,11995013,ARTS,5413,4
2314,28629430,ARTS,7040,6
2315,53227466,ARTS,5435,4
2316,26079779,ARTS,4498,4
2317,83338413,ARTS,4918,4
2318,18029935,ARTS,4192,4
2319,16962067,ARTS,5356,4
2320,14150896,ARTS,2087,2
2321,27936502,ARTS,6919,6
2322,65325317,ARTS,9859,8
2323,30594821,ARTS,1046,1
2324,27164756,ARTS,9724,8
2325,34146825,ARTS,4547,4
2326,99561379,ARTS,9475,8
2327,54180474,ARTS,4850,4
2328,37751611,ARTS,6436,5
2329,73030450,ARTS,4589,4
2330,39608848,ARTS,4810,4
2331,16244633,ARTS,11348,9
2332,10830646,ARTS,8434,7
2333,27024099,ARTS,4616,4
2334,65352424,ARTS,4502,4
2335,28711616,ARTS,4511,4
2336,39064638,ARTS,4933,4
2337,18586076,ARTS,7125,6
2338,13272204,ARTS,4819,4
2339,11360471,ARTS,4675,4
2340,18885767,ARTS,5472,5
2341,20698469,ARTS,2972,3
2342,27715131,ARTS,5368,4
2343,32794700,ARTS,3338,3
2344,23139437,ARTS,1769,2
2345,23917826,ARTS,6694,5
2346,20148147,ARTS,4688,4
2347,34304175,ARTS,4575,4
2348,26410763,ARTS,2529,2
2349,21809601,ARTS,3481,3
2350,27096796,ARTS,1374,1
2351,25157655,ARTS,1688,2
2352,25926667,ARTS,5751,5
2353,20356750,ARTS,2470,2
2354,24061629,ARTS,7093,6
2355,17694454,ARTS,9182,7
2356,99033098,ARTS,6646,5
2357,38115035,ARTS,5687,5
2358,17857644,ARTS,5418,4
2359,12334650,ARTS,8120,7
2360,36019469,ARTS,7946,6
2361,79432080,ARTS,6813,5
2362,94230796,ARTS,7582,6
2363,66226673,ARTS,2333,2
2364,83206166,ARTS,4507,4
2365,22182279,ARTS,5759,5
2366,16887936,ARTS,6960,6
2367,14248724,ARTS,2387,2
2368,69458502,AVIATION,5517,5
2369,82738323,AVIATION,2735,2
2370,16833515,AVIATION,9505,8
2371,11804712,AVIATION,8005,7
2372,21287405,AVIATION,5589,5
2373,10176815,AVIATION,5248,4
2374,29221006,AVIATION,12710,10
2375,23761385,AVIATION,7613,6
2376,38355831,AVIATION,4456,4
2377,24773845,AVIATION,8168,7
2378,17876954,AVIATION,6716,6
2379,36252245,AVIATION,6878,6
2380,32720816,AVIATION,4782,4
2381,36727173,AVIATION,4705,4
2382,91431878,AVIATION,4793,4
2383,42546558,AVIATION,5344,4
2384,87826037,AVIATION,5803,5
2385,17483843,AVIATION,6003,5
2386,22232367,AVIATION,6139,5
2387,70198580,AVIATION,4774,4
2388,67631413,AVIATION,5114,4
2389,26819872,AVIATION,8798,7
2390,13234267,AVIATION,8168,7
2391,26888302,AVIATION,7197,6
2392,13195436,AVIATION,6043,5
2393,81588968,AVIATION,7150,6
2394,18268860,AVIATION,3943,3
2395,14790629,AVIATION,5209,4
2396,12144825,AVIATION,3581,3
2397,90318913,AVIATION,4664,4
2398,26279402,AVIATION,3856,3
2399,94137171,AVIATION,3338,3
2400,27902692,AVIATION,3972,3
2401,28186635,AVIATION,4547,4
2402,42641525,AVIATION,8187,7
2403,34419403,AVIATION,2747,2
2404,43720116,AVIATION,2978,3
2405,15618327,AVIATION,4919,4
2406,14589288,AVIATION,2312,2
2407,43408471,AVIATION,4843,4
2408,38154903,AVIATION,2226,2
2409,29167286,AVIATION,5907,5
2410,11169163,AVIATION,5848,5
2411,28383893,AVIATION,12752,10
2412,20026169,AVIATION,6412,5
2413,38047274,AVIATION,6809,6
2414,16449694,AVIATION,8929,7
2415,11137306,AVIATION,5749,5
2416,19818707,AVIATION,4831,4
2417,17274759,AVIATION,4612,4
2418,19506295,AVIATION,5719,5
2419,50775901,AVIATION,6197,5
2420,22990761,AVIATION,5837,5
2421,10945968,AVIATION,4573,4
2422,12192507,AVIATION,1655,2
2423,24154692,AVIATION,5384,5
2424,23985183,AVIATION,5748,5
2425,29161565,AVIATION,3193,3
2426,11333001,AVIATION,5640,5
2427,25718772,AVIATION,4578,4
2428,65219288,AVIATION,5437,5
2429,27502951,AVIATION,4623,4
2430,15823995,AVIATION,6527,5
2431,22650051,AVIATION,5831,5
2432,24668861,AVIATION,10585,8
2433,42427521,AVIATION,8729,7
2434,96457008,AVIATION,1308,1
2435,38989376,AVIATION,7140,6
2436,13405229,AVIATION,6929,6
2437,17686472,AVIATION,2906,3
2438,54232810,AVIATION,4746,4
2439,25719936,AVIATION,6230,5
2440,68216398,AVIATION,4477,4
2441,17983430,AVIATION,4684,4
2442,92283635,AVIATION,4756,4
2443,11614114,AVIATION,4466,4
2444,61315605,AVIATION,5668,5
2445,16850314,AVIATION,4798,4
2446,11959428,AVIATION,1321,1
2447,10395944,AVIATION,2994,3
2448,10189110,AVIATION,8500,7
2449,10567764,AVIATION,6373,5
2450,30148777,AVIATION,5138,4
2451,24544244,AVIATION,5848,5
2452,19284293,AVIATION,8648,7
2453,11752500,AVIATION,5794,5
2454,31536294,AVIATION,4539,4
2455,22442947,AVIATION,4242,4
2456,27512470,AVIATION,5578,5
2457,14874322,AVIATION,4855,4
2458,23464505,AVIATION,2927,3
2459,12504278,AVIATION,5022,4
2460,58048626,AVIATION,4908,4
2461,15684810,AVIATION,8940,7
2462,17694572,AVIATION,1884,2
2463,22168194,AVIATION,4695,4
2464,29595906,AVIATION,1197,1
2465,77626587,AVIATION,2260,2
2466,98389424,AVIATION,4541,4
2467,38663892,AVIATION,7060,6
2468,17152392,AVIATION,6128,5
2469,49646155,AVIATION,6350,5
2470,33627938,AVIATION,8803,7
2471,12904972,AVIATION,6458,5
2472,12239749,AVIATION,4514,4
2473,16279537,AVIATION,5193,4
2474,17008356,AVIATION,6602,5
2475,28020046,AVIATION,6700,6
2476,25625173,AVIATION,12831,10
2477,29534737,AVIATION,4966,4
2478,17655479,AVIATION,5107,4
2479,12043694,AVIATION,7120,6
2480,99416532,AVIATION,4679,4
2481,24589765,AVIATION,6448,5
2482,31605080,AVIATION,1673,2
2483,21190805,AVIATION,4562,4
2484,37473139,AVIATION,4798,4
